gene,pmid,title,journal,year,query
SON,28122885,Heart Disease and Stroke Statistics-2017 Update: A Report From the American Heart Association,Circulation,2017,"(SON AND (""genome-wide association"" OR ""GWAS"") AND (""bone mineral density"" OR ""osteoporosis"" OR ""fracture"" OR ""osteoarthritis"" OR ""hip fracture"" OR ""BMD"")) AND SRC:MED"
SON,33501848,Heart Disease and Stroke Statistics-2021 Update: A Report From the American Heart Association,Circulation,2021,"(SON AND (""genome-wide association"" OR ""GWAS"") AND (""bone mineral density"" OR ""osteoporosis"" OR ""fracture"" OR ""osteoarthritis"" OR ""hip fracture"" OR ""BMD"")) AND SRC:MED"
SON,36695182,Heart Disease and Stroke Statistics-2023 Update: A Report From the American Heart Association,Circulation,2023,"(SON AND (""genome-wide association"" OR ""GWAS"") AND (""bone mineral density"" OR ""osteoporosis"" OR ""fracture"" OR ""osteoarthritis"" OR ""hip fracture"" OR ""BMD"")) AND SRC:MED"
SON,38264914,2024 Heart Disease and Stroke Statistics: A Report of US and Global Data From the American Heart Association,Circulation,2024,"(SON AND (""genome-wide association"" OR ""GWAS"") AND (""bone mineral density"" OR ""osteoporosis"" OR ""fracture"" OR ""osteoarthritis"" OR ""hip fracture"" OR ""BMD"")) AND SRC:MED"
SON,23974980,"Recent advances in 2D and 3D in vitro systems using primary hepatocytes, alternative hepatocyte sources and non-parenchymal liver cells and their use in investigating mechanisms of hepatotoxicity, cell signaling and ADME",Archives of toxicology,2013,"(SON AND (""genome-wide association"" OR ""GWAS"") AND (""bone mineral density"" OR ""osteoporosis"" OR ""fracture"" OR ""osteoarthritis"" OR ""hip fracture"" OR ""BMD"")) AND SRC:MED"
SON,39866113,2025 Heart Disease and Stroke Statistics: A Report of US and Global Data From the American Heart Association,Circulation,2025,"(SON AND (""genome-wide association"" OR ""GWAS"") AND (""bone mineral density"" OR ""osteoporosis"" OR ""fracture"" OR ""osteoarthritis"" OR ""hip fracture"" OR ""BMD"")) AND SRC:MED"
SON,20435227,Clinical assessment incorporating a personal genome,"Lancet (London, England)",2010,"(SON AND (""genome-wide association"" OR ""GWAS"") AND (""bone mineral density"" OR ""osteoporosis"" OR ""fracture"" OR ""osteoarthritis"" OR ""hip fracture"" OR ""BMD"")) AND SRC:MED"
SON,25242225,Thiazolidinediones and the promise of insulin sensitization in type 2 diabetes,Cell metabolism,2014,"(SON AND (""genome-wide association"" OR ""GWAS"") AND (""bone mineral density"" OR ""osteoporosis"" OR ""fracture"" OR ""osteoarthritis"" OR ""hip fracture"" OR ""BMD"")) AND SRC:MED"
MMP9,33328614,Cellular senescence in ageing: from mechanisms to therapeutic opportunities,Nature reviews. Molecular cell biology,2021,"(MMP9 AND (""genome-wide association"" OR ""GWAS"") AND (""bone mineral density"" OR ""osteoporosis"" OR ""fracture"" OR ""osteoarthritis"" OR ""hip fracture"" OR ""BMD"")) AND SRC:MED"
MMP9,24267647,The pathobiology of vascular dementia,Neuron,2013,"(MMP9 AND (""genome-wide association"" OR ""GWAS"") AND (""bone mineral density"" OR ""osteoporosis"" OR ""fracture"" OR ""osteoarthritis"" OR ""hip fracture"" OR ""BMD"")) AND SRC:MED"
MMP9,36522308,Aging and aging-related diseases: from molecular mechanisms to interventions and treatments,Signal transduction and targeted therapy,2022,"(MMP9 AND (""genome-wide association"" OR ""GWAS"") AND (""bone mineral density"" OR ""osteoporosis"" OR ""fracture"" OR ""osteoarthritis"" OR ""hip fracture"" OR ""BMD"")) AND SRC:MED"
MMP9,37709773,Endoplasmic reticulum stress: molecular mechanism and therapeutic targets,Signal transduction and targeted therapy,2023,"(MMP9 AND (""genome-wide association"" OR ""GWAS"") AND (""bone mineral density"" OR ""osteoporosis"" OR ""fracture"" OR ""osteoarthritis"" OR ""hip fracture"" OR ""BMD"")) AND SRC:MED"
MMP9,36737426,Osteoarthritis: pathogenic signaling pathways and therapeutic targets,Signal transduction and targeted therapy,2023,"(MMP9 AND (""genome-wide association"" OR ""GWAS"") AND (""bone mineral density"" OR ""osteoporosis"" OR ""fracture"" OR ""osteoarthritis"" OR ""hip fracture"" OR ""BMD"")) AND SRC:MED"
MMP9,32393826,Restoring synovial homeostasis in rheumatoid arthritis by targeting fibroblast-like synoviocytes,Nature reviews. Rheumatology,2020,"(MMP9 AND (""genome-wide association"" OR ""GWAS"") AND (""bone mineral density"" OR ""osteoporosis"" OR ""fracture"" OR ""osteoarthritis"" OR ""hip fracture"" OR ""BMD"")) AND SRC:MED"
MMP9,27188578,Calcific aortic stenosis,Nature reviews. Disease primers,2016,"(MMP9 AND (""genome-wide association"" OR ""GWAS"") AND (""bone mineral density"" OR ""osteoporosis"" OR ""fracture"" OR ""osteoarthritis"" OR ""hip fracture"" OR ""BMD"")) AND SRC:MED"
MMP9,30994890,Endometriosis,Endocrine reviews,2019,"(MMP9 AND (""genome-wide association"" OR ""GWAS"") AND (""bone mineral density"" OR ""osteoporosis"" OR ""fracture"" OR ""osteoarthritis"" OR ""hip fracture"" OR ""BMD"")) AND SRC:MED"
PIK3CG,24026423,A genome- and phenome-wide association study to identify genetic variants influencing platelet count and volume and their pleiotropic effects,Human genetics,2014,"(PIK3CG AND (""genome-wide association"" OR ""GWAS"") AND (""bone mineral density"" OR ""osteoporosis"" OR ""fracture"" OR ""osteoarthritis"" OR ""hip fracture"" OR ""BMD"")) AND SRC:MED"
PIK3CG,12646697,Amino acid variant in the kinase binding domain of dual-specific A kinase-anchoring protein 2: a disease susceptibility polymorphism,Proceedings of the National Academy of Sciences of the United States of America,2003,"(PIK3CG AND (""genome-wide association"" OR ""GWAS"") AND (""bone mineral density"" OR ""osteoporosis"" OR ""fracture"" OR ""osteoarthritis"" OR ""hip fracture"" OR ""BMD"")) AND SRC:MED"
PIK3CG,22131368,Replication of loci influencing ages at menarche and menopause in Hispanic women: the Women's Health Initiative SHARe Study,Human molecular genetics,2012,"(PIK3CG AND (""genome-wide association"" OR ""GWAS"") AND (""bone mineral density"" OR ""osteoporosis"" OR ""fracture"" OR ""osteoarthritis"" OR ""hip fracture"" OR ""BMD"")) AND SRC:MED"
PIK3CG,25427668,Genome-wide association studies in Africans and African Americans: expanding the framework of the genomics of human traits and disease,Public health genomics,2015,"(PIK3CG AND (""genome-wide association"" OR ""GWAS"") AND (""bone mineral density"" OR ""osteoporosis"" OR ""fracture"" OR ""osteoarthritis"" OR ""hip fracture"" OR ""BMD"")) AND SRC:MED"
PIK3CG,20708717,The role of genetic variants in human longevity,Ageing research reviews,2010,"(PIK3CG AND (""genome-wide association"" OR ""GWAS"") AND (""bone mineral density"" OR ""osteoporosis"" OR ""fracture"" OR ""osteoarthritis"" OR ""hip fracture"" OR ""BMD"")) AND SRC:MED"
PIK3CG,26256109,Identification of IDUA and WNT16 Phosphorylation-Related Non-Synonymous Polymorphisms for Bone Mineral Density in Meta-Analyses of Genome-Wide Association Studies,Journal of bone and mineral research : the official journal of the American Society for Bone and Mineral Research,2016,"(PIK3CG AND (""genome-wide association"" OR ""GWAS"") AND (""bone mineral density"" OR ""osteoporosis"" OR ""fracture"" OR ""osteoarthritis"" OR ""hip fracture"" OR ""BMD"")) AND SRC:MED"
PIK3CG,30354329,Genetic Susceptibility Loci for Cardiovascular Disease and Their Impact on Atherosclerotic Plaques,Circulation. Genomic and precision medicine,2018,"(PIK3CG AND (""genome-wide association"" OR ""GWAS"") AND (""bone mineral density"" OR ""osteoporosis"" OR ""fracture"" OR ""osteoarthritis"" OR ""hip fracture"" OR ""BMD"")) AND SRC:MED"
PIK3CG,31575382,Pathway Mutations in Breast Cancer Using Whole-Exome Sequencing,Oncology research,2020,"(PIK3CG AND (""genome-wide association"" OR ""GWAS"") AND (""bone mineral density"" OR ""osteoporosis"" OR ""fracture"" OR ""osteoarthritis"" OR ""hip fracture"" OR ""BMD"")) AND SRC:MED"
HLA-DMB,39370939,The epithelial barrier theory and its associated diseases,Allergy,2024,"(HLA-DMB AND (""genome-wide association"" OR ""GWAS"") AND (""bone mineral density"" OR ""osteoporosis"" OR ""fracture"" OR ""osteoarthritis"" OR ""hip fracture"" OR ""BMD"")) AND SRC:MED"
HLA-DMB,31137555,"Long Noncoding RNA <i>HCP5</i>, a Hybrid HLA Class I Endogenous Retroviral Gene: Structure, Expression, and Disease Associations",Cells,2019,"(HLA-DMB AND (""genome-wide association"" OR ""GWAS"") AND (""bone mineral density"" OR ""osteoporosis"" OR ""fracture"" OR ""osteoarthritis"" OR ""hip fracture"" OR ""BMD"")) AND SRC:MED"
HLA-DMB,24361742,"A gene expression study of normal and damaged cartilage in anteromedial gonarthrosis, a phenotype of osteoarthritis",Osteoarthritis and cartilage,2014,"(HLA-DMB AND (""genome-wide association"" OR ""GWAS"") AND (""bone mineral density"" OR ""osteoporosis"" OR ""fracture"" OR ""osteoarthritis"" OR ""hip fracture"" OR ""BMD"")) AND SRC:MED"
HLA-DMB,27288810,"Neurogenomics in Africa: Perspectives, progress, possibilities and priorities",Journal of the neurological sciences,2016,"(HLA-DMB AND (""genome-wide association"" OR ""GWAS"") AND (""bone mineral density"" OR ""osteoporosis"" OR ""fracture"" OR ""osteoarthritis"" OR ""hip fracture"" OR ""BMD"")) AND SRC:MED"
HLA-DMB,29771307,Assessment of rosacea symptom severity by genome-wide association study and expression analysis highlights immuno-inflammatory and skin pigmentation genes,Human molecular genetics,2018,"(HLA-DMB AND (""genome-wide association"" OR ""GWAS"") AND (""bone mineral density"" OR ""osteoporosis"" OR ""fracture"" OR ""osteoarthritis"" OR ""hip fracture"" OR ""BMD"")) AND SRC:MED"
HLA-DMB,30820026,Epigenetic analysis in rheumatoid arthritis synoviocytes,Experimental & molecular medicine,2019,"(HLA-DMB AND (""genome-wide association"" OR ""GWAS"") AND (""bone mineral density"" OR ""osteoporosis"" OR ""fracture"" OR ""osteoarthritis"" OR ""hip fracture"" OR ""BMD"")) AND SRC:MED"
HLA-DMB,32922758,Promising targets and drugs in rheumatoid arthritis: a module-based and cumulatively scoring approach,Bone & joint research,2020,"(HLA-DMB AND (""genome-wide association"" OR ""GWAS"") AND (""bone mineral density"" OR ""osteoporosis"" OR ""fracture"" OR ""osteoarthritis"" OR ""hip fracture"" OR ""BMD"")) AND SRC:MED"
HLA-DMB,33777101,"A Dual Systems Genetics Approach Identifies Common Genes, Networks, and Pathways for Type 1 and 2 Diabetes in Human Islets",Frontiers in genetics,2021,"(HLA-DMB AND (""genome-wide association"" OR ""GWAS"") AND (""bone mineral density"" OR ""osteoporosis"" OR ""fracture"" OR ""osteoarthritis"" OR ""hip fracture"" OR ""BMD"")) AND SRC:MED"
FCGR2A,33501848,Heart Disease and Stroke Statistics-2021 Update: A Report From the American Heart Association,Circulation,2021,"(FCGR2A AND (""genome-wide association"" OR ""GWAS"") AND (""bone mineral density"" OR ""osteoporosis"" OR ""fracture"" OR ""osteoarthritis"" OR ""hip fracture"" OR ""BMD"")) AND SRC:MED"
FCGR2A,36695182,Heart Disease and Stroke Statistics-2023 Update: A Report From the American Heart Association,Circulation,2023,"(FCGR2A AND (""genome-wide association"" OR ""GWAS"") AND (""bone mineral density"" OR ""osteoporosis"" OR ""fracture"" OR ""osteoarthritis"" OR ""hip fracture"" OR ""BMD"")) AND SRC:MED"
FCGR2A,38264914,2024 Heart Disease and Stroke Statistics: A Report of US and Global Data From the American Heart Association,Circulation,2024,"(FCGR2A AND (""genome-wide association"" OR ""GWAS"") AND (""bone mineral density"" OR ""osteoporosis"" OR ""fracture"" OR ""osteoarthritis"" OR ""hip fracture"" OR ""BMD"")) AND SRC:MED"
FCGR2A,22243964,Five years of GWAS discovery,American journal of human genetics,2012,"(FCGR2A AND (""genome-wide association"" OR ""GWAS"") AND (""bone mineral density"" OR ""osteoporosis"" OR ""fracture"" OR ""osteoarthritis"" OR ""hip fracture"" OR ""BMD"")) AND SRC:MED"
FCGR2A,21297633,"Meta-analysis identifies 29 additional ulcerative colitis risk loci, increasing the number of confirmed associations to 47",Nature genetics,2011,"(FCGR2A AND (""genome-wide association"" OR ""GWAS"") AND (""bone mineral density"" OR ""osteoporosis"" OR ""fracture"" OR ""osteoarthritis"" OR ""hip fracture"" OR ""BMD"")) AND SRC:MED"
FCGR2A,39866113,2025 Heart Disease and Stroke Statistics: A Report of US and Global Data From the American Heart Association,Circulation,2025,"(FCGR2A AND (""genome-wide association"" OR ""GWAS"") AND (""bone mineral density"" OR ""osteoporosis"" OR ""fracture"" OR ""osteoarthritis"" OR ""hip fracture"" OR ""BMD"")) AND SRC:MED"
FCGR2A,26386597,The Rotterdam Study: 2016 objectives and design update,European journal of epidemiology,2015,"(FCGR2A AND (""genome-wide association"" OR ""GWAS"") AND (""bone mineral density"" OR ""osteoporosis"" OR ""fracture"" OR ""osteoarthritis"" OR ""hip fracture"" OR ""BMD"")) AND SRC:MED"
FCGR2A,28804483,The Impact of Western Diet and Nutrients on the Microbiota and Immune Response at Mucosal Interfaces,Frontiers in immunology,2017,"(FCGR2A AND (""genome-wide association"" OR ""GWAS"") AND (""bone mineral density"" OR ""osteoporosis"" OR ""fracture"" OR ""osteoarthritis"" OR ""hip fracture"" OR ""BMD"")) AND SRC:MED"
ADM,39866113,2025 Heart Disease and Stroke Statistics: A Report of US and Global Data From the American Heart Association,Circulation,2025,"(ADM AND (""genome-wide association"" OR ""GWAS"") AND (""bone mineral density"" OR ""osteoporosis"" OR ""fracture"" OR ""osteoarthritis"" OR ""hip fracture"" OR ""BMD"")) AND SRC:MED"
ADM,33067605,"Genomic and drug target evaluation of 90 cardiovascular proteins in 30,931 individuals",Nature metabolism,2020,"(ADM AND (""genome-wide association"" OR ""GWAS"") AND (""bone mineral density"" OR ""osteoporosis"" OR ""fracture"" OR ""osteoarthritis"" OR ""hip fracture"" OR ""BMD"")) AND SRC:MED"
ADM,36516495,DNA methylation GrimAge version 2,Aging,2022,"(ADM AND (""genome-wide association"" OR ""GWAS"") AND (""bone mineral density"" OR ""osteoporosis"" OR ""fracture"" OR ""osteoarthritis"" OR ""hip fracture"" OR ""BMD"")) AND SRC:MED"
ADM,22102821,Relative burden of large CNVs on a range of neurodevelopmental phenotypes,PLoS genetics,2011,"(ADM AND (""genome-wide association"" OR ""GWAS"") AND (""bone mineral density"" OR ""osteoporosis"" OR ""fracture"" OR ""osteoarthritis"" OR ""hip fracture"" OR ""BMD"")) AND SRC:MED"
ADM,36454715,"CGRP physiology, pharmacology, and therapeutic targets: migraine and beyond",Physiological reviews,2023,"(ADM AND (""genome-wide association"" OR ""GWAS"") AND (""bone mineral density"" OR ""osteoporosis"" OR ""fracture"" OR ""osteoarthritis"" OR ""hip fracture"" OR ""BMD"")) AND SRC:MED"
ADM,30081074,Identification of transcription factors responsible for dysregulated networks in human osteoarthritis cartilage by global gene expression analysis,Osteoarthritis and cartilage,2018,"(ADM AND (""genome-wide association"" OR ""GWAS"") AND (""bone mineral density"" OR ""osteoporosis"" OR ""fracture"" OR ""osteoarthritis"" OR ""hip fracture"" OR ""BMD"")) AND SRC:MED"
ADM,29175309,Altered neuro-inflammatory gene expression in hippocampus in major depressive disorder,Progress in neuro-psychopharmacology & biological psychiatry,2018,"(ADM AND (""genome-wide association"" OR ""GWAS"") AND (""bone mineral density"" OR ""osteoporosis"" OR ""fracture"" OR ""osteoarthritis"" OR ""hip fracture"" OR ""BMD"")) AND SRC:MED"
ADM,20444268,Peripheral blood gene expression patterns discriminate among chronic inflammatory diseases and healthy controls and identify novel targets,BMC medical genomics,2010,"(ADM AND (""genome-wide association"" OR ""GWAS"") AND (""bone mineral density"" OR ""osteoporosis"" OR ""fracture"" OR ""osteoarthritis"" OR ""hip fracture"" OR ""BMD"")) AND SRC:MED"
BIRC5,36175067,Synovial fibroblasts assume distinct functional identities and secrete R-spondin 2 in osteoarthritis,Annals of the rheumatic diseases,2023,"(BIRC5 AND (""genome-wide association"" OR ""GWAS"") AND (""bone mineral density"" OR ""osteoporosis"" OR ""fracture"" OR ""osteoarthritis"" OR ""hip fracture"" OR ""BMD"")) AND SRC:MED"
BIRC5,30200227,"ELF3, ELF5, EHF and SPDEF Transcription Factors in Tissue Homeostasis and Cancer","Molecules (Basel, Switzerland)",2018,"(BIRC5 AND (""genome-wide association"" OR ""GWAS"") AND (""bone mineral density"" OR ""osteoporosis"" OR ""fracture"" OR ""osteoarthritis"" OR ""hip fracture"" OR ""BMD"")) AND SRC:MED"
BIRC5,24184314,Effects of age on bone mRNA levels of sclerostin and other genes relevant to bone metabolism in humans,Bone,2014,"(BIRC5 AND (""genome-wide association"" OR ""GWAS"") AND (""bone mineral density"" OR ""osteoporosis"" OR ""fracture"" OR ""osteoarthritis"" OR ""hip fracture"" OR ""BMD"")) AND SRC:MED"
BIRC5,31137555,"Long Noncoding RNA <i>HCP5</i>, a Hybrid HLA Class I Endogenous Retroviral Gene: Structure, Expression, and Disease Associations",Cells,2019,"(BIRC5 AND (""genome-wide association"" OR ""GWAS"") AND (""bone mineral density"" OR ""osteoporosis"" OR ""fracture"" OR ""osteoarthritis"" OR ""hip fracture"" OR ""BMD"")) AND SRC:MED"
BIRC5,24170101,Effects of estrogen on bone mRNA levels of sclerostin and other genes relevant to bone metabolism in postmenopausal women,The Journal of clinical endocrinology and metabolism,2014,"(BIRC5 AND (""genome-wide association"" OR ""GWAS"") AND (""bone mineral density"" OR ""osteoporosis"" OR ""fracture"" OR ""osteoarthritis"" OR ""hip fracture"" OR ""BMD"")) AND SRC:MED"
BIRC5,35359439,"Development, Pathogenesis, and Regeneration of the Intervertebral Disc: Current and Future Insights Spanning Traditional to Omics Methods",Frontiers in cell and developmental biology,2022,"(BIRC5 AND (""genome-wide association"" OR ""GWAS"") AND (""bone mineral density"" OR ""osteoporosis"" OR ""fracture"" OR ""osteoarthritis"" OR ""hip fracture"" OR ""BMD"")) AND SRC:MED"
BIRC5,37586884,International Union of Basic and Clinical Pharmacology CXIII: Nuclear Receptor Superfamily-Update 2023,Pharmacological reviews,2023,"(BIRC5 AND (""genome-wide association"" OR ""GWAS"") AND (""bone mineral density"" OR ""osteoporosis"" OR ""fracture"" OR ""osteoarthritis"" OR ""hip fracture"" OR ""BMD"")) AND SRC:MED"
BIRC5,27076351,Quantitative trait loci identified for blood chemistry components of an advanced intercross line of chickens under heat stress,BMC genomics,2016,"(BIRC5 AND (""genome-wide association"" OR ""GWAS"") AND (""bone mineral density"" OR ""osteoporosis"" OR ""fracture"" OR ""osteoarthritis"" OR ""hip fracture"" OR ""BMD"")) AND SRC:MED"
ALOX5AP,17955331,The Rotterdam Study: objectives and design update,European journal of epidemiology,2007,"(ALOX5AP AND (""genome-wide association"" OR ""GWAS"") AND (""bone mineral density"" OR ""osteoporosis"" OR ""fracture"" OR ""osteoarthritis"" OR ""hip fracture"" OR ""BMD"")) AND SRC:MED"
ALOX5AP,21877163,The Rotterdam Study: 2012 objectives and design update,European journal of epidemiology,2011,"(ALOX5AP AND (""genome-wide association"" OR ""GWAS"") AND (""bone mineral density"" OR ""osteoporosis"" OR ""fracture"" OR ""osteoarthritis"" OR ""hip fracture"" OR ""BMD"")) AND SRC:MED"
ALOX5AP,19728115,The Rotterdam Study: 2010 objectives and design update,European journal of epidemiology,2009,"(ALOX5AP AND (""genome-wide association"" OR ""GWAS"") AND (""bone mineral density"" OR ""osteoporosis"" OR ""fracture"" OR ""osteoarthritis"" OR ""hip fracture"" OR ""BMD"")) AND SRC:MED"
ALOX5AP,25379119,ICON: chronic rhinosinusitis,The World Allergy Organization journal,2014,"(ALOX5AP AND (""genome-wide association"" OR ""GWAS"") AND (""bone mineral density"" OR ""osteoporosis"" OR ""fracture"" OR ""osteoarthritis"" OR ""hip fracture"" OR ""BMD"")) AND SRC:MED"
ALOX5AP,26839654,Genetics of coronary artery disease and myocardial infarction,World journal of cardiology,2016,"(ALOX5AP AND (""genome-wide association"" OR ""GWAS"") AND (""bone mineral density"" OR ""osteoporosis"" OR ""fracture"" OR ""osteoarthritis"" OR ""hip fracture"" OR ""BMD"")) AND SRC:MED"
ALOX5AP,22806142,Systems analysis of eleven rodent disease models reveals an inflammatome signature and key drivers,Molecular systems biology,2012,"(ALOX5AP AND (""genome-wide association"" OR ""GWAS"") AND (""bone mineral density"" OR ""osteoporosis"" OR ""fracture"" OR ""osteoarthritis"" OR ""hip fracture"" OR ""BMD"")) AND SRC:MED"
ALOX5AP,18771588,Isolated populations and complex disease gene identification,Genome biology,2008,"(ALOX5AP AND (""genome-wide association"" OR ""GWAS"") AND (""bone mineral density"" OR ""osteoporosis"" OR ""fracture"" OR ""osteoarthritis"" OR ""hip fracture"" OR ""BMD"")) AND SRC:MED"
ALOX5AP,20092628,"Systematic analysis, comparison, and integration of disease based human genetic association data and mouse genetic phenotypic information",BMC medical genomics,2010,"(ALOX5AP AND (""genome-wide association"" OR ""GWAS"") AND (""bone mineral density"" OR ""osteoporosis"" OR ""fracture"" OR ""osteoarthritis"" OR ""hip fracture"" OR ""BMD"")) AND SRC:MED"
ARHGAP15,30177863,Genome-wide association analyses identify 39 new susceptibility loci for diverticular disease,Nature genetics,2018,"(ARHGAP15 AND (""genome-wide association"" OR ""GWAS"") AND (""bone mineral density"" OR ""osteoporosis"" OR ""fracture"" OR ""osteoarthritis"" OR ""hip fracture"" OR ""BMD"")) AND SRC:MED"
ARHGAP15,25343990,Genome-wide association study of selenium concentrations,Human molecular genetics,2015,"(ARHGAP15 AND (""genome-wide association"" OR ""GWAS"") AND (""bone mineral density"" OR ""osteoporosis"" OR ""fracture"" OR ""osteoarthritis"" OR ""hip fracture"" OR ""BMD"")) AND SRC:MED"
ARHGAP15,19359265,A genome-wide association study identifies a novel locus on chromosome 18q12.2 influencing white cell telomere length,Journal of medical genetics,2009,"(ARHGAP15 AND (""genome-wide association"" OR ""GWAS"") AND (""bone mineral density"" OR ""osteoporosis"" OR ""fracture"" OR ""osteoarthritis"" OR ""hip fracture"" OR ""BMD"")) AND SRC:MED"
ARHGAP15,33128006,Genome-wide association study of self-reported walking pace suggests beneficial effects of brisk walking on health and survival,Communications biology,2020,"(ARHGAP15 AND (""genome-wide association"" OR ""GWAS"") AND (""bone mineral density"" OR ""osteoporosis"" OR ""fracture"" OR ""osteoarthritis"" OR ""hip fracture"" OR ""BMD"")) AND SRC:MED"
ARHGAP15,37528461,Shared genetic architecture between irritable bowel syndrome and psychiatric disorders reveals molecular pathways of the gut-brain axis,Genome medicine,2023,"(ARHGAP15 AND (""genome-wide association"" OR ""GWAS"") AND (""bone mineral density"" OR ""osteoporosis"" OR ""fracture"" OR ""osteoarthritis"" OR ""hip fracture"" OR ""BMD"")) AND SRC:MED"
ARHGAP15,27063557,High-resolution chromosome ideogram representation of recognized genes for bipolar disorder,Gene,2016,"(ARHGAP15 AND (""genome-wide association"" OR ""GWAS"") AND (""bone mineral density"" OR ""osteoporosis"" OR ""fracture"" OR ""osteoarthritis"" OR ""hip fracture"" OR ""BMD"")) AND SRC:MED"
ARHGAP15,26359667,Bioinformatics-Based Identification of MicroRNA-Regulated and Rheumatoid Arthritis-Associated Genes,PloS one,2015,"(ARHGAP15 AND (""genome-wide association"" OR ""GWAS"") AND (""bone mineral density"" OR ""osteoporosis"" OR ""fracture"" OR ""osteoarthritis"" OR ""hip fracture"" OR ""BMD"")) AND SRC:MED"
ARHGAP15,36378475,Rethinking the Genetic Etiology of Nonsyndromic Tooth Agenesis,Current osteoporosis reports,2022,"(ARHGAP15 AND (""genome-wide association"" OR ""GWAS"") AND (""bone mineral density"" OR ""osteoporosis"" OR ""fracture"" OR ""osteoarthritis"" OR ""hip fracture"" OR ""BMD"")) AND SRC:MED"
VNN2,38528207,Macrophage re-programming by JAK inhibitors relies on MAFB,Cellular and molecular life sciences : CMLS,2024,"(VNN2 AND (""genome-wide association"" OR ""GWAS"") AND (""bone mineral density"" OR ""osteoporosis"" OR ""fracture"" OR ""osteoarthritis"" OR ""hip fracture"" OR ""BMD"")) AND SRC:MED"
VNN2,35495141,Editorial: Current Status and Future Challenges of Biobank Data Analysis,Frontiers in genetics,2022,"(VNN2 AND (""genome-wide association"" OR ""GWAS"") AND (""bone mineral density"" OR ""osteoporosis"" OR ""fracture"" OR ""osteoarthritis"" OR ""hip fracture"" OR ""BMD"")) AND SRC:MED"
VNN2,41345833,Proteomic ratio reveals subtype-specific genetic mechanisms and therapeutic targets in osteoarthritis,Clinical proteomics,2025,"(VNN2 AND (""genome-wide association"" OR ""GWAS"") AND (""bone mineral density"" OR ""osteoporosis"" OR ""fracture"" OR ""osteoarthritis"" OR ""hip fracture"" OR ""BMD"")) AND SRC:MED"
VNN2,42089751,From early-onset asthma to chronic obstructive pulmonary disease: potential mediating proteins and therapeutic targets,Briefings in bioinformatics,2026,"(VNN2 AND (""genome-wide association"" OR ""GWAS"") AND (""bone mineral density"" OR ""osteoporosis"" OR ""fracture"" OR ""osteoarthritis"" OR ""hip fracture"" OR ""BMD"")) AND SRC:MED"
SNX10,25673412,New genetic loci link adipose and insulin biology to body fat distribution,Nature,2015,"(SNX10 AND (""genome-wide association"" OR ""GWAS"") AND (""bone mineral density"" OR ""osteoporosis"" OR ""fracture"" OR ""osteoarthritis"" OR ""hip fracture"" OR ""BMD"")) AND SRC:MED"
SNX10,28430825,Discovery and fine-mapping of adiposity loci using high density imputation of genome-wide association studies in individuals of African ancestry: African Ancestry Anthropometry Genetics Consortium,PLoS genetics,2017,"(SNX10 AND (""genome-wide association"" OR ""GWAS"") AND (""bone mineral density"" OR ""osteoporosis"" OR ""fracture"" OR ""osteoarthritis"" OR ""hip fracture"" OR ""BMD"")) AND SRC:MED"
SNX10,31368456,Network Pharmacology-Based Pharmacological Mechanism of the Chinese Medicine Rhizoma drynariae Against Osteoporosis,Medical science monitor : international medical journal of experimental and clinical research,2019,"(SNX10 AND (""genome-wide association"" OR ""GWAS"") AND (""bone mineral density"" OR ""osteoporosis"" OR ""fracture"" OR ""osteoarthritis"" OR ""hip fracture"" OR ""BMD"")) AND SRC:MED"
SNX10,38315213,"Preclinical Rodent Models for Human Bone Disease, Including a Focus on Cortical Bone",Endocrine reviews,2024,"(SNX10 AND (""genome-wide association"" OR ""GWAS"") AND (""bone mineral density"" OR ""osteoporosis"" OR ""fracture"" OR ""osteoarthritis"" OR ""hip fracture"" OR ""BMD"")) AND SRC:MED"
SNX10,27533615,Genetics of osteoporosis: searching for candidate genes for bone fragility,Archives of endocrinology and metabolism,2016,"(SNX10 AND (""genome-wide association"" OR ""GWAS"") AND (""bone mineral density"" OR ""osteoporosis"" OR ""fracture"" OR ""osteoarthritis"" OR ""hip fracture"" OR ""BMD"")) AND SRC:MED"
SNX10,32553114,A trans-eQTL network regulates osteoclast multinucleation and bone mass,eLife,2020,"(SNX10 AND (""genome-wide association"" OR ""GWAS"") AND (""bone mineral density"" OR ""osteoporosis"" OR ""fracture"" OR ""osteoarthritis"" OR ""hip fracture"" OR ""BMD"")) AND SRC:MED"
SNX10,36292765,"Hereditary Metabolic Bone Diseases: A Review of Pathogenesis, Diagnosis and Management",Genes,2022,"(SNX10 AND (""genome-wide association"" OR ""GWAS"") AND (""bone mineral density"" OR ""osteoporosis"" OR ""fracture"" OR ""osteoarthritis"" OR ""hip fracture"" OR ""BMD"")) AND SRC:MED"
SNX10,33193107,The Genetic Architecture of High Bone Mass,Frontiers in endocrinology,2020,"(SNX10 AND (""genome-wide association"" OR ""GWAS"") AND (""bone mineral density"" OR ""osteoporosis"" OR ""fracture"" OR ""osteoarthritis"" OR ""hip fracture"" OR ""BMD"")) AND SRC:MED"
ATP8B4,37106071,Regulation of phospholipid distribution in the lipid bilayer by flippases and scramblases,Nature reviews. Molecular cell biology,2023,"(ATP8B4 AND (""genome-wide association"" OR ""GWAS"") AND (""bone mineral density"" OR ""osteoporosis"" OR ""fracture"" OR ""osteoarthritis"" OR ""hip fracture"" OR ""BMD"")) AND SRC:MED"
ATP8B4,30218097,Meta-analysis of genome-wide association studies of aggressive and chronic periodontitis identifies two novel risk loci,European journal of human genetics : EJHG,2019,"(ATP8B4 AND (""genome-wide association"" OR ""GWAS"") AND (""bone mineral density"" OR ""osteoporosis"" OR ""fracture"" OR ""osteoarthritis"" OR ""hip fracture"" OR ""BMD"")) AND SRC:MED"
ATP8B4,26753841,Identification and validation of risk loci for osteochondrosis in standardbreds,BMC genomics,2016,"(ATP8B4 AND (""genome-wide association"" OR ""GWAS"") AND (""bone mineral density"" OR ""osteoporosis"" OR ""fracture"" OR ""osteoarthritis"" OR ""hip fracture"" OR ""BMD"")) AND SRC:MED"
ATP8B4,25689165,Identification of aortic arch-specific quantitative trait loci for atherosclerosis by an intercross of DBA/2J and 129S6 apolipoprotein E-deficient mice,PloS one,2015,"(ATP8B4 AND (""genome-wide association"" OR ""GWAS"") AND (""bone mineral density"" OR ""osteoporosis"" OR ""fracture"" OR ""osteoarthritis"" OR ""hip fracture"" OR ""BMD"")) AND SRC:MED"
ATP8B4,27171008,RNA Microarray Analysis of Macroscopically Normal Articular Cartilage from Knees Undergoing Partial Medial Meniscectomy: Potential Prediction of the Risk for Developing Osteoarthritis,PloS one,2016,"(ATP8B4 AND (""genome-wide association"" OR ""GWAS"") AND (""bone mineral density"" OR ""osteoporosis"" OR ""fracture"" OR ""osteoarthritis"" OR ""hip fracture"" OR ""BMD"")) AND SRC:MED"
ATP8B4,29732714,Brief Report: Whole-Exome Sequencing to Identify Rare Variants and Gene Networks That Increase Susceptibility to Scleroderma in African Americans,"Arthritis & rheumatology (Hoboken, N.J.)",2018,"(ATP8B4 AND (""genome-wide association"" OR ""GWAS"") AND (""bone mineral density"" OR ""osteoporosis"" OR ""fracture"" OR ""osteoarthritis"" OR ""hip fracture"" OR ""BMD"")) AND SRC:MED"
ATP8B4,28264060,"Whole exome sequencing implicates eye development, the unfolded protein response and plasma membrane homeostasis in primary open-angle glaucoma",PloS one,2017,"(ATP8B4 AND (""genome-wide association"" OR ""GWAS"") AND (""bone mineral density"" OR ""osteoporosis"" OR ""fracture"" OR ""osteoarthritis"" OR ""hip fracture"" OR ""BMD"")) AND SRC:MED"
ATP8B4,41818388,Microglia Rank signaling regulates GnRH neuronal function and the hypothalamic-pituitary-gonadal axis,"Science (New York, N.Y.)",2026,"(ATP8B4 AND (""genome-wide association"" OR ""GWAS"") AND (""bone mineral density"" OR ""osteoporosis"" OR ""fracture"" OR ""osteoarthritis"" OR ""hip fracture"" OR ""BMD"")) AND SRC:MED"
FSTL1,21647204,"Pathogenesis of systemic juvenile idiopathic arthritis: some answers, more questions",Nature reviews. Rheumatology,2011,"(FSTL1 AND (""genome-wide association"" OR ""GWAS"") AND (""bone mineral density"" OR ""osteoporosis"" OR ""fracture"" OR ""osteoarthritis"" OR ""hip fracture"" OR ""BMD"")) AND SRC:MED"
FSTL1,17903296,Genome-wide association with bone mass and geometry in the Framingham Heart Study,BMC medical genetics,2007,"(FSTL1 AND (""genome-wide association"" OR ""GWAS"") AND (""bone mineral density"" OR ""osteoporosis"" OR ""fracture"" OR ""osteoarthritis"" OR ""hip fracture"" OR ""BMD"")) AND SRC:MED"
FSTL1,21436623,Genome-wide DNA methylation patterns in CD4+ T cells from patients with systemic lupus erythematosus,Epigenetics,2011,"(FSTL1 AND (""genome-wide association"" OR ""GWAS"") AND (""bone mineral density"" OR ""osteoporosis"" OR ""fracture"" OR ""osteoarthritis"" OR ""hip fracture"" OR ""BMD"")) AND SRC:MED"
FSTL1,29594389,Follistatin-like 1 in development and human diseases,Cellular and molecular life sciences : CMLS,2018,"(FSTL1 AND (""genome-wide association"" OR ""GWAS"") AND (""bone mineral density"" OR ""osteoporosis"" OR ""fracture"" OR ""osteoarthritis"" OR ""hip fracture"" OR ""BMD"")) AND SRC:MED"
FSTL1,27759879,The SPARC protein: an overview of its role in lung cancer and pulmonary fibrosis and its potential role in chronic airways disease,British journal of pharmacology,2017,"(FSTL1 AND (""genome-wide association"" OR ""GWAS"") AND (""bone mineral density"" OR ""osteoporosis"" OR ""fracture"" OR ""osteoarthritis"" OR ""hip fracture"" OR ""BMD"")) AND SRC:MED"
FSTL1,27746742,Molecular Mechanisms of Obesity-Induced Osteoporosis and Muscle Atrophy,Frontiers in physiology,2016,"(FSTL1 AND (""genome-wide association"" OR ""GWAS"") AND (""bone mineral density"" OR ""osteoporosis"" OR ""fracture"" OR ""osteoarthritis"" OR ""hip fracture"" OR ""BMD"")) AND SRC:MED"
FSTL1,33776572,Biomarkers of Joint Damage in Osteoarthritis: Current Status and Future Directions,Mediators of inflammation,2021,"(FSTL1 AND (""genome-wide association"" OR ""GWAS"") AND (""bone mineral density"" OR ""osteoporosis"" OR ""fracture"" OR ""osteoarthritis"" OR ""hip fracture"" OR ""BMD"")) AND SRC:MED"
FSTL1,31936504,Emerging Concepts and Challenges in Rheumatoid Arthritis Gene Therapy,Biomedicines,2020,"(FSTL1 AND (""genome-wide association"" OR ""GWAS"") AND (""bone mineral density"" OR ""osteoporosis"" OR ""fracture"" OR ""osteoarthritis"" OR ""hip fracture"" OR ""BMD"")) AND SRC:MED"
KLF5,30081074,Identification of transcription factors responsible for dysregulated networks in human osteoarthritis cartilage by global gene expression analysis,Osteoarthritis and cartilage,2018,"(KLF5 AND (""genome-wide association"" OR ""GWAS"") AND (""bone mineral density"" OR ""osteoporosis"" OR ""fracture"" OR ""osteoarthritis"" OR ""hip fracture"" OR ""BMD"")) AND SRC:MED"
KLF5,30401534,Dual-specificity MAP kinase phosphatases in health and disease,Biochimica et biophysica acta. Molecular cell research,2019,"(KLF5 AND (""genome-wide association"" OR ""GWAS"") AND (""bone mineral density"" OR ""osteoporosis"" OR ""fracture"" OR ""osteoarthritis"" OR ""hip fracture"" OR ""BMD"")) AND SRC:MED"
KLF5,32220312,Evolutionary Selection and Constraint on Human Knee Chondrocyte Regulation Impacts Osteoarthritis Risk,Cell,2020,"(KLF5 AND (""genome-wide association"" OR ""GWAS"") AND (""bone mineral density"" OR ""osteoporosis"" OR ""fracture"" OR ""osteoarthritis"" OR ""hip fracture"" OR ""BMD"")) AND SRC:MED"
KLF5,32741357,Rat models of human diseases and related phenotypes: a systematic inventory of the causative genes,Journal of biomedical science,2020,"(KLF5 AND (""genome-wide association"" OR ""GWAS"") AND (""bone mineral density"" OR ""osteoporosis"" OR ""fracture"" OR ""osteoarthritis"" OR ""hip fracture"" OR ""BMD"")) AND SRC:MED"
KLF5,26523602,Mapping of Craniofacial Traits in Outbred Mice Identifies Major Developmental Genes Involved in Shape Determination,PLoS genetics,2015,"(KLF5 AND (""genome-wide association"" OR ""GWAS"") AND (""bone mineral density"" OR ""osteoporosis"" OR ""fracture"" OR ""osteoarthritis"" OR ""hip fracture"" OR ""BMD"")) AND SRC:MED"
KLF5,23656783,Rat retinal transcriptome: effects of aging and AMD-like retinopathy,"Cell cycle (Georgetown, Tex.)",2013,"(KLF5 AND (""genome-wide association"" OR ""GWAS"") AND (""bone mineral density"" OR ""osteoporosis"" OR ""fracture"" OR ""osteoarthritis"" OR ""hip fracture"" OR ""BMD"")) AND SRC:MED"
KLF5,20357209,Molecular genetic studies of gene identification for osteoporosis: the 2009 update,Endocrine reviews,2010,"(KLF5 AND (""genome-wide association"" OR ""GWAS"") AND (""bone mineral density"" OR ""osteoporosis"" OR ""fracture"" OR ""osteoarthritis"" OR ""hip fracture"" OR ""BMD"")) AND SRC:MED"
KLF5,39627201,"Chromatin accessibility: biological functions, molecular mechanisms and therapeutic application",Signal transduction and targeted therapy,2024,"(KLF5 AND (""genome-wide association"" OR ""GWAS"") AND (""bone mineral density"" OR ""osteoporosis"" OR ""fracture"" OR ""osteoarthritis"" OR ""hip fracture"" OR ""BMD"")) AND SRC:MED"
EFTUD2,34490030,Zebrafish Models for Human Skeletal Disorders,Frontiers in genetics,2021,"(EFTUD2 AND (""genome-wide association"" OR ""GWAS"") AND (""bone mineral density"" OR ""osteoporosis"" OR ""fracture"" OR ""osteoarthritis"" OR ""hip fracture"" OR ""BMD"")) AND SRC:MED"
EFTUD2,32117046,High Fidelity of Mouse Models Mimicking Human Genetic Skeletal Disorders,Frontiers in endocrinology,2019,"(EFTUD2 AND (""genome-wide association"" OR ""GWAS"") AND (""bone mineral density"" OR ""osteoporosis"" OR ""fracture"" OR ""osteoarthritis"" OR ""hip fracture"" OR ""BMD"")) AND SRC:MED"
EFTUD2,26178806,Asparaginase treatment side-effects may be due to genes with homopolymeric Asn codons (Review-Hypothesis),International journal of molecular medicine,2015,"(EFTUD2 AND (""genome-wide association"" OR ""GWAS"") AND (""bone mineral density"" OR ""osteoporosis"" OR ""fracture"" OR ""osteoarthritis"" OR ""hip fracture"" OR ""BMD"")) AND SRC:MED"
EFTUD2,36834337,DNA-Methylation Signatures of Tobacco Smoking in a High Cardiovascular Risk Population: Modulation by the Mediterranean Diet,International journal of environmental research and public health,2023,"(EFTUD2 AND (""genome-wide association"" OR ""GWAS"") AND (""bone mineral density"" OR ""osteoporosis"" OR ""fracture"" OR ""osteoarthritis"" OR ""hip fracture"" OR ""BMD"")) AND SRC:MED"
EFTUD2,40051391,Identification of NIBAN2-Regulated RUNX2 Alternative Splicing Presents Novel Strategies for Antagonizing Osteoporosis,"Advanced science (Weinheim, Baden-Wurttemberg, Germany)",2025,"(EFTUD2 AND (""genome-wide association"" OR ""GWAS"") AND (""bone mineral density"" OR ""osteoporosis"" OR ""fracture"" OR ""osteoarthritis"" OR ""hip fracture"" OR ""BMD"")) AND SRC:MED"
EFTUD2,35393538,Abstracts from the 54<sup>th</sup> European Society of Human Genetics (ESHG) Conference: e-Posters,European journal of human genetics : EJHG,2022,"(EFTUD2 AND (""genome-wide association"" OR ""GWAS"") AND (""bone mineral density"" OR ""osteoporosis"" OR ""fracture"" OR ""osteoarthritis"" OR ""hip fracture"" OR ""BMD"")) AND SRC:MED"
EFTUD2,33262485,Abstracts from the 53rd European Society of Human Genetics (ESHG) Conference: Interactive e-Posters,European journal of human genetics : EJHG,2020,"(EFTUD2 AND (""genome-wide association"" OR ""GWAS"") AND (""bone mineral density"" OR ""osteoporosis"" OR ""fracture"" OR ""osteoarthritis"" OR ""hip fracture"" OR ""BMD"")) AND SRC:MED"
EFTUD2,31754958,Change in antibiotic regimen for emerging multidrug resistance in nosocomial ascitic fluid infection,Hepatology international,2020,"(EFTUD2 AND (""genome-wide association"" OR ""GWAS"") AND (""bone mineral density"" OR ""osteoporosis"" OR ""fracture"" OR ""osteoarthritis"" OR ""hip fracture"" OR ""BMD"")) AND SRC:MED"
SF3B1,35396580,Mapping genomic loci implicates genes and synaptic biology in schizophrenia,Nature,2022,"(SF3B1 AND (""genome-wide association"" OR ""GWAS"") AND (""bone mineral density"" OR ""osteoporosis"" OR ""fracture"" OR ""osteoarthritis"" OR ""hip fracture"" OR ""BMD"")) AND SRC:MED"
SF3B1,26593421,RNA mis-splicing in disease,Nature reviews. Genetics,2016,"(SF3B1 AND (""genome-wide association"" OR ""GWAS"") AND (""bone mineral density"" OR ""osteoporosis"" OR ""fracture"" OR ""osteoarthritis"" OR ""hip fracture"" OR ""BMD"")) AND SRC:MED"
SF3B1,36450978,Common and rare variant associations with clonal haematopoiesis phenotypes,Nature,2022,"(SF3B1 AND (""genome-wide association"" OR ""GWAS"") AND (""bone mineral density"" OR ""osteoporosis"" OR ""fracture"" OR ""osteoarthritis"" OR ""hip fracture"" OR ""BMD"")) AND SRC:MED"
SF3B1,37931207,Causes and consequences of clonal hematopoiesis,Blood,2023,"(SF3B1 AND (""genome-wide association"" OR ""GWAS"") AND (""bone mineral density"" OR ""osteoporosis"" OR ""fracture"" OR ""osteoarthritis"" OR ""hip fracture"" OR ""BMD"")) AND SRC:MED"
SF3B1,28373404,Precancer Atlas to Drive Precision Prevention Trials,Cancer research,2017,"(SF3B1 AND (""genome-wide association"" OR ""GWAS"") AND (""bone mineral density"" OR ""osteoporosis"" OR ""fracture"" OR ""osteoarthritis"" OR ""hip fracture"" OR ""BMD"")) AND SRC:MED"
SF3B1,31262050,"Canine Melanomas as Models for Human Melanomas: Clinical, Histological, and Genetic Comparison",Genes,2019,"(SF3B1 AND (""genome-wide association"" OR ""GWAS"") AND (""bone mineral density"" OR ""osteoporosis"" OR ""fracture"" OR ""osteoarthritis"" OR ""hip fracture"" OR ""BMD"")) AND SRC:MED"
SF3B1,36941354,Clonal haematopoiesis and dysregulation of the immune system,Nature reviews. Immunology,2023,"(SF3B1 AND (""genome-wide association"" OR ""GWAS"") AND (""bone mineral density"" OR ""osteoporosis"" OR ""fracture"" OR ""osteoarthritis"" OR ""hip fracture"" OR ""BMD"")) AND SRC:MED"
SF3B1,36337911,Clonal hematopoiesis in cardiovascular disease and therapeutic implications,Nature cardiovascular research,2022,"(SF3B1 AND (""genome-wide association"" OR ""GWAS"") AND (""bone mineral density"" OR ""osteoporosis"" OR ""fracture"" OR ""osteoarthritis"" OR ""hip fracture"" OR ""BMD"")) AND SRC:MED"
SF3B2,33565261,Splicing alterations in healthy aging and disease,Wiley interdisciplinary reviews. RNA,2021,"(SF3B2 AND (""genome-wide association"" OR ""GWAS"") AND (""bone mineral density"" OR ""osteoporosis"" OR ""fracture"" OR ""osteoarthritis"" OR ""hip fracture"" OR ""BMD"")) AND SRC:MED"
SF3B2,27686527,Identification of DNA methylation changes associated with disease progression in subchondral bone with site-matched cartilage in knee osteoarthritis,Scientific reports,2016,"(SF3B2 AND (""genome-wide association"" OR ""GWAS"") AND (""bone mineral density"" OR ""osteoporosis"" OR ""fracture"" OR ""osteoarthritis"" OR ""hip fracture"" OR ""BMD"")) AND SRC:MED"
SF3B2,37041148,FOXI3 pathogenic variants cause one form of craniofacial microsomia,Nature communications,2023,"(SF3B2 AND (""genome-wide association"" OR ""GWAS"") AND (""bone mineral density"" OR ""osteoporosis"" OR ""fracture"" OR ""osteoarthritis"" OR ""hip fracture"" OR ""BMD"")) AND SRC:MED"
SF3B2,19209693,Identification of discriminating biomarkers for human disease using integrative network biology,Pacific Symposium on Biocomputing. Pacific Symposium on Biocomputing,2009,"(SF3B2 AND (""genome-wide association"" OR ""GWAS"") AND (""bone mineral density"" OR ""osteoporosis"" OR ""fracture"" OR ""osteoarthritis"" OR ""hip fracture"" OR ""BMD"")) AND SRC:MED"
SF3B2,27102541,ASGCT 19th Annual Meeting: Abstracts,Molecular therapy : the journal of the American Society of Gene Therapy,2016,"(SF3B2 AND (""genome-wide association"" OR ""GWAS"") AND (""bone mineral density"" OR ""osteoporosis"" OR ""fracture"" OR ""osteoarthritis"" OR ""hip fracture"" OR ""BMD"")) AND SRC:MED"
SF3B2,37119810,Rare disease research resources at the Rat Genome Database,Genetics,2023,"(SF3B2 AND (""genome-wide association"" OR ""GWAS"") AND (""bone mineral density"" OR ""osteoporosis"" OR ""fracture"" OR ""osteoarthritis"" OR ""hip fracture"" OR ""BMD"")) AND SRC:MED"
SF3B2,42016324,Methylome-Wide Association Studies of Physical Injury Stratified by Depression Status Assesses Exposure by Diagnosis Effects in Oxytocin Signaling and Synaptic Plasticity,Biological psychiatry global open science,2026,"(SF3B2 AND (""genome-wide association"" OR ""GWAS"") AND (""bone mineral density"" OR ""osteoporosis"" OR ""fracture"" OR ""osteoarthritis"" OR ""hip fracture"" OR ""BMD"")) AND SRC:MED"
SF3B2,40718208,The Promise of Exome Sequencing for the Differential Diagnosis of Late-Onset End-Stage Renal Disease in Turkish Cypriots,Cureus,2025,"(SF3B2 AND (""genome-wide association"" OR ""GWAS"") AND (""bone mineral density"" OR ""osteoporosis"" OR ""fracture"" OR ""osteoarthritis"" OR ""hip fracture"" OR ""BMD"")) AND SRC:MED"
SF3A1,28719732,Genome-Wide Association Meta-Analysis Reveals Novel Juvenile Idiopathic Arthritis Susceptibility Loci,"Arthritis & rheumatology (Hoboken, N.J.)",2017,"(SF3A1 AND (""genome-wide association"" OR ""GWAS"") AND (""bone mineral density"" OR ""osteoporosis"" OR ""fracture"" OR ""osteoarthritis"" OR ""hip fracture"" OR ""BMD"")) AND SRC:MED"
SF3A1,32560344,"Emerging Roles of RNA 3'-end Cleavage and Polyadenylation in Pathogenesis, Diagnosis and Therapy of Human Disorders",Biomolecules,2020,"(SF3A1 AND (""genome-wide association"" OR ""GWAS"") AND (""bone mineral density"" OR ""osteoporosis"" OR ""fracture"" OR ""osteoarthritis"" OR ""hip fracture"" OR ""BMD"")) AND SRC:MED"
SF3A1,22235245,Genome-wide gene expression analysis suggests an important role of suppressed immunity in pathogenesis of Kashin-Beck disease,PloS one,2012,"(SF3A1 AND (""genome-wide association"" OR ""GWAS"") AND (""bone mineral density"" OR ""osteoporosis"" OR ""fracture"" OR ""osteoarthritis"" OR ""hip fracture"" OR ""BMD"")) AND SRC:MED"
SF3A1,27077670,"American Society of Pediatric Hematology/Oncology (ASPHO) Hyatt Regency Minneapolis Minneapolis, MN May 11-14, 2016",Pediatric blood & cancer,2016,"(SF3A1 AND (""genome-wide association"" OR ""GWAS"") AND (""bone mineral density"" OR ""osteoporosis"" OR ""fracture"" OR ""osteoarthritis"" OR ""hip fracture"" OR ""BMD"")) AND SRC:MED"
SF3A1,40425033,Alternative Splicing Regulation in Metabolic Disorders,Obesity reviews : an official journal of the International Association for the Study of Obesity,2025,"(SF3A1 AND (""genome-wide association"" OR ""GWAS"") AND (""bone mineral density"" OR ""osteoporosis"" OR ""fracture"" OR ""osteoarthritis"" OR ""hip fracture"" OR ""BMD"")) AND SRC:MED"
SF3A1,41602857,"RNA splicing in bone diseases: mechanisms, pathogenesis and therapeutics",Acta biochimica Polonica,2025,"(SF3A1 AND (""genome-wide association"" OR ""GWAS"") AND (""bone mineral density"" OR ""osteoporosis"" OR ""fracture"" OR ""osteoarthritis"" OR ""hip fracture"" OR ""BMD"")) AND SRC:MED"
PRPF8,26593421,RNA mis-splicing in disease,Nature reviews. Genetics,2016,"(PRPF8 AND (""genome-wide association"" OR ""GWAS"") AND (""bone mineral density"" OR ""osteoporosis"" OR ""fracture"" OR ""osteoarthritis"" OR ""hip fracture"" OR ""BMD"")) AND SRC:MED"
PRPF8,37709773,Endoplasmic reticulum stress: molecular mechanism and therapeutic targets,Signal transduction and targeted therapy,2023,"(PRPF8 AND (""genome-wide association"" OR ""GWAS"") AND (""bone mineral density"" OR ""osteoporosis"" OR ""fracture"" OR ""osteoarthritis"" OR ""hip fracture"" OR ""BMD"")) AND SRC:MED"
PRPF8,36450978,Common and rare variant associations with clonal haematopoiesis phenotypes,Nature,2022,"(PRPF8 AND (""genome-wide association"" OR ""GWAS"") AND (""bone mineral density"" OR ""osteoporosis"" OR ""fracture"" OR ""osteoarthritis"" OR ""hip fracture"" OR ""BMD"")) AND SRC:MED"
PRPF8,33565261,Splicing alterations in healthy aging and disease,Wiley interdisciplinary reviews. RNA,2021,"(PRPF8 AND (""genome-wide association"" OR ""GWAS"") AND (""bone mineral density"" OR ""osteoporosis"" OR ""fracture"" OR ""osteoarthritis"" OR ""hip fracture"" OR ""BMD"")) AND SRC:MED"
PRPF8,28749477,Mapping the genomic landscape of inherited retinal disease genes prioritizes genes prone to coding and noncoding copy-number variations,Genetics in medicine : official journal of the American College of Medical Genetics,2018,"(PRPF8 AND (""genome-wide association"" OR ""GWAS"") AND (""bone mineral density"" OR ""osteoporosis"" OR ""fracture"" OR ""osteoarthritis"" OR ""hip fracture"" OR ""BMD"")) AND SRC:MED"
PRPF8,38132662,Genetics in Ischemic Stroke: Current Perspectives and Future Directions,Journal of cardiovascular development and disease,2023,"(PRPF8 AND (""genome-wide association"" OR ""GWAS"") AND (""bone mineral density"" OR ""osteoporosis"" OR ""fracture"" OR ""osteoarthritis"" OR ""hip fracture"" OR ""BMD"")) AND SRC:MED"
PRPF8,32874429,Heritability for stroke: Essential for taking family history,Caspian journal of internal medicine,2020,"(PRPF8 AND (""genome-wide association"" OR ""GWAS"") AND (""bone mineral density"" OR ""osteoporosis"" OR ""fracture"" OR ""osteoarthritis"" OR ""hip fracture"" OR ""BMD"")) AND SRC:MED"
PRPF8,36720935,Exploring the hub mechanisms of ischemic stroke based on protein-protein interaction networks related to ischemic stroke and inflammatory bowel disease,Scientific reports,2023,"(PRPF8 AND (""genome-wide association"" OR ""GWAS"") AND (""bone mineral density"" OR ""osteoporosis"" OR ""fracture"" OR ""osteoarthritis"" OR ""hip fracture"" OR ""BMD"")) AND SRC:MED"
SNRNP200,26593421,RNA mis-splicing in disease,Nature reviews. Genetics,2016,"(SNRNP200 AND (""genome-wide association"" OR ""GWAS"") AND (""bone mineral density"" OR ""osteoporosis"" OR ""fracture"" OR ""osteoarthritis"" OR ""hip fracture"" OR ""BMD"")) AND SRC:MED"
SNRNP200,37709773,Endoplasmic reticulum stress: molecular mechanism and therapeutic targets,Signal transduction and targeted therapy,2023,"(SNRNP200 AND (""genome-wide association"" OR ""GWAS"") AND (""bone mineral density"" OR ""osteoporosis"" OR ""fracture"" OR ""osteoarthritis"" OR ""hip fracture"" OR ""BMD"")) AND SRC:MED"
SNRNP200,26000617,The cerebellum ages slowly according to the epigenetic clock,Aging,2015,"(SNRNP200 AND (""genome-wide association"" OR ""GWAS"") AND (""bone mineral density"" OR ""osteoporosis"" OR ""fracture"" OR ""osteoarthritis"" OR ""hip fracture"" OR ""BMD"")) AND SRC:MED"
SNRNP200,35393538,Abstracts from the 54<sup>th</sup> European Society of Human Genetics (ESHG) Conference: e-Posters,European journal of human genetics : EJHG,2022,"(SNRNP200 AND (""genome-wide association"" OR ""GWAS"") AND (""bone mineral density"" OR ""osteoporosis"" OR ""fracture"" OR ""osteoarthritis"" OR ""hip fracture"" OR ""BMD"")) AND SRC:MED"
SNRNP200,33262485,Abstracts from the 53rd European Society of Human Genetics (ESHG) Conference: Interactive e-Posters,European journal of human genetics : EJHG,2020,"(SNRNP200 AND (""genome-wide association"" OR ""GWAS"") AND (""bone mineral density"" OR ""osteoporosis"" OR ""fracture"" OR ""osteoarthritis"" OR ""hip fracture"" OR ""BMD"")) AND SRC:MED"
SNRNP200,41268214,Alternative Splicing: A Critical Regulator in Human Bone Biology and Tumor Progression,"Research (Washington, D.C.)",2025,"(SNRNP200 AND (""genome-wide association"" OR ""GWAS"") AND (""bone mineral density"" OR ""osteoporosis"" OR ""fracture"" OR ""osteoarthritis"" OR ""hip fracture"" OR ""BMD"")) AND SRC:MED"
U2AF1,26593421,RNA mis-splicing in disease,Nature reviews. Genetics,2016,"(U2AF1 AND (""genome-wide association"" OR ""GWAS"") AND (""bone mineral density"" OR ""osteoporosis"" OR ""fracture"" OR ""osteoarthritis"" OR ""hip fracture"" OR ""BMD"")) AND SRC:MED"
U2AF1,36941354,Clonal haematopoiesis and dysregulation of the immune system,Nature reviews. Immunology,2023,"(U2AF1 AND (""genome-wide association"" OR ""GWAS"") AND (""bone mineral density"" OR ""osteoporosis"" OR ""fracture"" OR ""osteoarthritis"" OR ""hip fracture"" OR ""BMD"")) AND SRC:MED"
U2AF1,25343990,Genome-wide association study of selenium concentrations,Human molecular genetics,2015,"(U2AF1 AND (""genome-wide association"" OR ""GWAS"") AND (""bone mineral density"" OR ""osteoporosis"" OR ""fracture"" OR ""osteoarthritis"" OR ""hip fracture"" OR ""BMD"")) AND SRC:MED"
U2AF1,24098785,Familial occurrence of systemic mast cell activation disease,PloS one,2013,"(U2AF1 AND (""genome-wide association"" OR ""GWAS"") AND (""bone mineral density"" OR ""osteoporosis"" OR ""fracture"" OR ""osteoarthritis"" OR ""hip fracture"" OR ""BMD"")) AND SRC:MED"
U2AF1,33565261,Splicing alterations in healthy aging and disease,Wiley interdisciplinary reviews. RNA,2021,"(U2AF1 AND (""genome-wide association"" OR ""GWAS"") AND (""bone mineral density"" OR ""osteoporosis"" OR ""fracture"" OR ""osteoarthritis"" OR ""hip fracture"" OR ""BMD"")) AND SRC:MED"
U2AF1,29378221,Canine sarcomas as a surrogate for the human disease,Pharmacology & therapeutics,2018,"(U2AF1 AND (""genome-wide association"" OR ""GWAS"") AND (""bone mineral density"" OR ""osteoporosis"" OR ""fracture"" OR ""osteoarthritis"" OR ""hip fracture"" OR ""BMD"")) AND SRC:MED"
U2AF1,24692131,Relationship of gene expression in the injured human meniscus to body mass index: a biologic connection between obesity and osteoarthritis,"Arthritis & rheumatology (Hoboken, N.J.)",2014,"(U2AF1 AND (""genome-wide association"" OR ""GWAS"") AND (""bone mineral density"" OR ""osteoporosis"" OR ""fracture"" OR ""osteoarthritis"" OR ""hip fracture"" OR ""BMD"")) AND SRC:MED"
U2AF1,33401724,Clinical Impact of Inherited and Acquired Genetic Variants in Mastocytosis,International journal of molecular sciences,2021,"(U2AF1 AND (""genome-wide association"" OR ""GWAS"") AND (""bone mineral density"" OR ""osteoporosis"" OR ""fracture"" OR ""osteoarthritis"" OR ""hip fracture"" OR ""BMD"")) AND SRC:MED"
SRSF1,26593421,RNA mis-splicing in disease,Nature reviews. Genetics,2016,"(SRSF1 AND (""genome-wide association"" OR ""GWAS"") AND (""bone mineral density"" OR ""osteoporosis"" OR ""fracture"" OR ""osteoarthritis"" OR ""hip fracture"" OR ""BMD"")) AND SRC:MED"
SRSF1,36543887,Amyotrophic lateral sclerosis: a neurodegenerative disorder poised for successful therapeutic translation,Nature reviews. Drug discovery,2023,"(SRSF1 AND (""genome-wide association"" OR ""GWAS"") AND (""bone mineral density"" OR ""osteoporosis"" OR ""fracture"" OR ""osteoarthritis"" OR ""hip fracture"" OR ""BMD"")) AND SRC:MED"
SRSF1,34484216,Alternative Splicing: A New Cause and Potential Therapeutic Target in Autoimmune Disease,Frontiers in immunology,2021,"(SRSF1 AND (""genome-wide association"" OR ""GWAS"") AND (""bone mineral density"" OR ""osteoporosis"" OR ""fracture"" OR ""osteoarthritis"" OR ""hip fracture"" OR ""BMD"")) AND SRC:MED"
SRSF1,33565261,Splicing alterations in healthy aging and disease,Wiley interdisciplinary reviews. RNA,2021,"(SRSF1 AND (""genome-wide association"" OR ""GWAS"") AND (""bone mineral density"" OR ""osteoporosis"" OR ""fracture"" OR ""osteoarthritis"" OR ""hip fracture"" OR ""BMD"")) AND SRC:MED"
SRSF1,36367225,"m6A readers, writers, erasers, and the m6A epitranscriptome in breast cancer",Journal of molecular endocrinology,2023,"(SRSF1 AND (""genome-wide association"" OR ""GWAS"") AND (""bone mineral density"" OR ""osteoporosis"" OR ""fracture"" OR ""osteoarthritis"" OR ""hip fracture"" OR ""BMD"")) AND SRC:MED"
SRSF1,32827035,Gene Expression and RNA Splicing Imputation Identifies Novel Candidate Genes Associated with Osteoporosis,The Journal of clinical endocrinology and metabolism,2020,"(SRSF1 AND (""genome-wide association"" OR ""GWAS"") AND (""bone mineral density"" OR ""osteoporosis"" OR ""fracture"" OR ""osteoarthritis"" OR ""hip fracture"" OR ""BMD"")) AND SRC:MED"
SRSF1,31432133,PPWD1 is associated with the occurrence of postmenopausal osteoporosis as determined by weighted gene co‑expression network analysis,Molecular medicine reports,2019,"(SRSF1 AND (""genome-wide association"" OR ""GWAS"") AND (""bone mineral density"" OR ""osteoporosis"" OR ""fracture"" OR ""osteoarthritis"" OR ""hip fracture"" OR ""BMD"")) AND SRC:MED"
SRSF1,38511054,<i>MIAT</i> LncRNA: A multifunctional key player in non-oncological pathological conditions,Non-coding RNA research,2024,"(SRSF1 AND (""genome-wide association"" OR ""GWAS"") AND (""bone mineral density"" OR ""osteoporosis"" OR ""fracture"" OR ""osteoarthritis"" OR ""hip fracture"" OR ""BMD"")) AND SRC:MED"
HNRNPA1,26593421,RNA mis-splicing in disease,Nature reviews. Genetics,2016,"(HNRNPA1 AND (""genome-wide association"" OR ""GWAS"") AND (""bone mineral density"" OR ""osteoporosis"" OR ""fracture"" OR ""osteoarthritis"" OR ""hip fracture"" OR ""BMD"")) AND SRC:MED"
HNRNPA1,27651444,Epigenetic Signatures of Cigarette Smoking,Circulation. Cardiovascular genetics,2016,"(HNRNPA1 AND (""genome-wide association"" OR ""GWAS"") AND (""bone mineral density"" OR ""osteoporosis"" OR ""fracture"" OR ""osteoarthritis"" OR ""hip fracture"" OR ""BMD"")) AND SRC:MED"
HNRNPA1,36543887,Amyotrophic lateral sclerosis: a neurodegenerative disorder poised for successful therapeutic translation,Nature reviews. Drug discovery,2023,"(HNRNPA1 AND (""genome-wide association"" OR ""GWAS"") AND (""bone mineral density"" OR ""osteoporosis"" OR ""fracture"" OR ""osteoarthritis"" OR ""hip fracture"" OR ""BMD"")) AND SRC:MED"
HNRNPA1,36066811,The landscape of aging,Science China. Life sciences,2022,"(HNRNPA1 AND (""genome-wide association"" OR ""GWAS"") AND (""bone mineral density"" OR ""osteoporosis"" OR ""fracture"" OR ""osteoarthritis"" OR ""hip fracture"" OR ""BMD"")) AND SRC:MED"
HNRNPA1,38649488,Multimodal cell atlas of the ageing human skeletal muscle,Nature,2024,"(HNRNPA1 AND (""genome-wide association"" OR ""GWAS"") AND (""bone mineral density"" OR ""osteoporosis"" OR ""fracture"" OR ""osteoarthritis"" OR ""hip fracture"" OR ""BMD"")) AND SRC:MED"
HNRNPA1,34974309,"Unraveling the complex interplay between genes, environment, and climate in ALS",EBioMedicine,2022,"(HNRNPA1 AND (""genome-wide association"" OR ""GWAS"") AND (""bone mineral density"" OR ""osteoporosis"" OR ""fracture"" OR ""osteoarthritis"" OR ""hip fracture"" OR ""BMD"")) AND SRC:MED"
HNRNPA1,33565261,Splicing alterations in healthy aging and disease,Wiley interdisciplinary reviews. RNA,2021,"(HNRNPA1 AND (""genome-wide association"" OR ""GWAS"") AND (""bone mineral density"" OR ""osteoporosis"" OR ""fracture"" OR ""osteoarthritis"" OR ""hip fracture"" OR ""BMD"")) AND SRC:MED"
HNRNPA1,36367225,"m6A readers, writers, erasers, and the m6A epitranscriptome in breast cancer",Journal of molecular endocrinology,2023,"(HNRNPA1 AND (""genome-wide association"" OR ""GWAS"") AND (""bone mineral density"" OR ""osteoporosis"" OR ""fracture"" OR ""osteoarthritis"" OR ""hip fracture"" OR ""BMD"")) AND SRC:MED"
HNRNPA1L2,25811879,A genomic portrait of haplotype diversity and signatures of selection in indigenous southern African populations,PLoS genetics,2015,"(HNRNPA1L2 AND (""genome-wide association"" OR ""GWAS"") AND (""bone mineral density"" OR ""osteoporosis"" OR ""fracture"" OR ""osteoarthritis"" OR ""hip fracture"" OR ""BMD"")) AND SRC:MED"
