set,n_input,n_mapped,ID,Description,GeneRatio,BgRatio,pvalue,p.adjust,Count,geneID
WGCNA cross-disease shared genes,20,20,,no significant term,,,,,,
Core splicing programme,135,135,GO:0008380,RNA splicing,126/134,267/9907,2.41415140602063e-201,3.09252795111243e-198,126,MBNL1/SNRPA/SF3A2/KHDRBS2/MBNL2/HNRNPA3/XAB2/KHDRBS3/SF3A3/U2AF1/MAGOHB/SF3B4/SRRM1/SNRPA1/RNPS1/BCAS2/JMJD6/THOC1/FMR1/RBM22/ACIN1/PPIE/DDX42/THOC2/BUD31/YTHDC1/PCBP4/HNRNPL/LSM5/RBM3/SYF2/SON/NOVA1/TCERG1/MYOD1/SNW1/SNRPB/LSM2/RBM15B/CDC40/NOVA2/WBP11/SRPK2/U2AF2/EIF4A3/DHX15/SMNDC1/PTBP1/NUP98/HNRNPU/PRPF19/PQBP1/WTAP/PPIH/DHX16/SNRPE/PRPF31/PRPF18/KHDRBS1/SNRPD1/DDX23/SRPK1/PRPF4/QKI/SNRPF/CDC5L/SART1/SAP18/RBM10/CIRBP/DAZAP1/LSM4/DYRK1A/AQR/ZBTB7A/DDX46/SNRPG/PUF60/SF3B5/SF1/SF3B1/RBM39/TRA2A/PRDX6/THRAP3/SNRPB2/LSM7/PRPF3/SF3B2/NCBP2/RBM42/RBM7/PRPF38B/LARP7/LSM3/TIA1/HNRNPC/RBM8A/DHX8/SNRPD3/RBM17/RBM23/LSM6/CRNKL1/SMU1/SF3B3/RBM25/RBM15/MBNL3/C1QBP/SNRPC/NCBP1/TXNL4A/SF3A1/USP39/RBM5/PRPF8/DDX17/REST/NCL/CTNNBL1/SNRPD2/HNRNPA1/PRPF6/DHX38/PRPF40A
Core splicing programme,135,135,GO:0000375,"RNA splicing, via transesterification reactions",117/134,196/9907,4.14896889986386e-198,2.6574145803628e-195,117,SNRPA/SF3A2/KHDRBS2/HNRNPA3/XAB2/KHDRBS3/SF3A3/U2AF1/MAGOHB/SF3B4/SRRM1/SNRPA1/RNPS1/BCAS2/JMJD6/FMR1/RBM22/ACIN1/PPIE/DDX42/BUD31/YTHDC1/PCBP4/HNRNPL/LSM5/RBM3/SYF2/SON/NOVA1/SNW1/SNRPB/LSM2/RBM15B/CDC40/NOVA2/SRPK2/U2AF2/EIF4A3/DHX15/SMNDC1/PTBP1/NUP98/HNRNPU/PRPF19/PQBP1/WTAP/PPIH/DHX16/SNRPE/PRPF31/PRPF18/KHDRBS1/SNRPD1/DDX23/SRPK1/PRPF4/QKI/SNRPF/CDC5L/SART1/SAP18/RBM10/CIRBP/DAZAP1/LSM4/DYRK1A/AQR/ZBTB7A/DDX46/SNRPG/PUF60/SF3B5/SF1/SF3B1/RBM39/TRA2A/PRDX6/THRAP3/SNRPB2/LSM7/PRPF3/SF3B2/NCBP2/RBM42/RBM7/LARP7/LSM3/TIA1/HNRNPC/RBM8A/DHX8/SNRPD3/RBM17/RBM23/LSM6/CRNKL1/SMU1/SF3B3/RBM25/RBM15/C1QBP/SNRPC/NCBP1/TXNL4A/SF3A1/USP39/RBM5/PRPF8/DDX17/REST/NCL/CTNNBL1/SNRPD2/HNRNPA1/PRPF6/DHX38/PRPF40A
Core splicing programme,135,135,GO:0000377,"RNA splicing, via transesterification reactions with bulged adenosine as nucleophile",116/134,192/9907,8.73283323968196e-197,2.79668984500815e-194,116,SNRPA/SF3A2/KHDRBS2/HNRNPA3/XAB2/KHDRBS3/SF3A3/U2AF1/MAGOHB/SF3B4/SRRM1/SNRPA1/RNPS1/BCAS2/JMJD6/FMR1/RBM22/ACIN1/PPIE/DDX42/BUD31/YTHDC1/PCBP4/HNRNPL/LSM5/RBM3/SYF2/SON/NOVA1/SNW1/SNRPB/LSM2/RBM15B/CDC40/NOVA2/SRPK2/U2AF2/EIF4A3/DHX15/PTBP1/NUP98/HNRNPU/PRPF19/PQBP1/WTAP/PPIH/DHX16/SNRPE/PRPF31/PRPF18/KHDRBS1/SNRPD1/DDX23/SRPK1/PRPF4/QKI/SNRPF/CDC5L/SART1/SAP18/RBM10/CIRBP/DAZAP1/LSM4/DYRK1A/AQR/ZBTB7A/DDX46/SNRPG/PUF60/SF3B5/SF1/SF3B1/RBM39/TRA2A/PRDX6/THRAP3/SNRPB2/LSM7/PRPF3/SF3B2/NCBP2/RBM42/RBM7/LARP7/LSM3/TIA1/HNRNPC/RBM8A/DHX8/SNRPD3/RBM17/RBM23/LSM6/CRNKL1/SMU1/SF3B3/RBM25/RBM15/C1QBP/SNRPC/NCBP1/TXNL4A/SF3A1/USP39/RBM5/PRPF8/DDX17/REST/NCL/CTNNBL1/SNRPD2/HNRNPA1/PRPF6/DHX38/PRPF40A
Core splicing programme,135,135,GO:0000398,"mRNA splicing, via spliceosome",116/134,192/9907,8.73283323968196e-197,2.79668984500815e-194,116,SNRPA/SF3A2/KHDRBS2/HNRNPA3/XAB2/KHDRBS3/SF3A3/U2AF1/MAGOHB/SF3B4/SRRM1/SNRPA1/RNPS1/BCAS2/JMJD6/FMR1/RBM22/ACIN1/PPIE/DDX42/BUD31/YTHDC1/PCBP4/HNRNPL/LSM5/RBM3/SYF2/SON/NOVA1/SNW1/SNRPB/LSM2/RBM15B/CDC40/NOVA2/SRPK2/U2AF2/EIF4A3/DHX15/PTBP1/NUP98/HNRNPU/PRPF19/PQBP1/WTAP/PPIH/DHX16/SNRPE/PRPF31/PRPF18/KHDRBS1/SNRPD1/DDX23/SRPK1/PRPF4/QKI/SNRPF/CDC5L/SART1/SAP18/RBM10/CIRBP/DAZAP1/LSM4/DYRK1A/AQR/ZBTB7A/DDX46/SNRPG/PUF60/SF3B5/SF1/SF3B1/RBM39/TRA2A/PRDX6/THRAP3/SNRPB2/LSM7/PRPF3/SF3B2/NCBP2/RBM42/RBM7/LARP7/LSM3/TIA1/HNRNPC/RBM8A/DHX8/SNRPD3/RBM17/RBM23/LSM6/CRNKL1/SMU1/SF3B3/RBM25/RBM15/C1QBP/SNRPC/NCBP1/TXNL4A/SF3A1/USP39/RBM5/PRPF8/DDX17/REST/NCL/CTNNBL1/SNRPD2/HNRNPA1/PRPF6/DHX38/PRPF40A
Core splicing programme,135,135,GO:0006397,mRNA processing,125/134,287/9907,3.60185531487781e-193,9.22795331671696e-191,125,MBNL1/SNRPA/SF3A2/KHDRBS2/MBNL2/HNRNPA3/XAB2/KHDRBS3/SF3A3/U2AF1/MAGOHB/SF3B4/SRRM1/SNRPA1/RNPS1/BCAS2/JMJD6/THOC1/FMR1/RBM22/ACIN1/PPIE/DDX42/THOC2/BUD31/YTHDC1/PCBP4/HNRNPL/LSM5/RBM3/SYF2/SON/NOVA1/TCERG1/SNW1/SNRPB/LSM2/RBM15B/CDC40/NOVA2/WBP11/SRPK2/U2AF2/EIF4A3/DHX15/SMNDC1/PTBP1/NUP98/HNRNPU/PRPF19/PQBP1/WTAP/PPIH/DHX16/SNRPE/PRPF31/PRPF18/KHDRBS1/SNRPD1/DDX23/SRPK1/PRPF4/QKI/SNRPF/CDC5L/SART1/SAP18/RBM10/CIRBP/DAZAP1/LSM4/DYRK1A/AQR/ZBTB7A/DDX46/SNRPG/PUF60/SF3B5/SF1/SF3B1/RBM39/TRA2A/PRDX6/THRAP3/SNRPB2/LSM7/PRPF3/SF3B2/NCBP2/RBM42/RBM7/PRPF38B/LARP7/LSM3/TIA1/HNRNPC/RBM8A/DHX8/SNRPD3/RBM17/RBM23/LSM6/CRNKL1/SMU1/SF3B3/RBM25/RBM15/MBNL3/C1QBP/SNRPC/NCBP1/TXNL4A/SF3A1/USP39/RBM5/PRPF8/DDX17/REST/NCL/CTNNBL1/SNRPD2/HNRNPA1/PRPF6/DHX38/PRPF40A
Core splicing programme,135,135,GO:0016071,mRNA metabolic process,128/134,454/9907,1.32492526754525e-170,2.82871544620912e-168,128,MBNL1/SNRPA/SF3A2/KHDRBS2/MBNL2/HNRNPA3/XAB2/KHDRBS3/SF3A3/U2AF1/MAGOHB/SF3B4/SRRM1/SNRPA1/RNPS1/BCAS2/JMJD6/THOC1/FMR1/RBM22/ACIN1/PPIE/DDX42/THOC2/BUD31/YTHDC1/PCBP4/HNRNPL/LSM5/RBM3/SYF2/SON/NOVA1/TCERG1/SNW1/SNRPB/LSM2/FXR1/RBM15B/CDC40/NOVA2/WBP11/SRPK2/U2AF2/EIF4A3/DHX15/SMNDC1/PTBP1/NUP98/HNRNPU/PRPF19/PQBP1/WTAP/PPIH/DHX16/SNRPE/PRPF31/PRPF18/KHDRBS1/SNRPD1/DDX23/SRPK1/PRPF4/QKI/SNRPF/CDC5L/SART1/SAP18/RBM10/CIRBP/DAZAP1/LSM4/DYRK1A/AQR/ZBTB7A/DDX46/SNRPG/PUF60/SF3B5/SF1/SF3B1/RBM39/TRA2A/PRDX6/THRAP3/SNRPB2/LSM7/PRPF3/FXR2/SF3B2/NCBP2/RBM42/RBM7/PRPF38B/LARP7/LSM3/TIA1/HNRNPC/RBM8A/DHX8/SNRPD3/RBM17/RBM23/LSM6/CRNKL1/SMU1/SF3B3/RBM25/RBM15/HSPA1B/MBNL3/C1QBP/SNRPC/NCBP1/TXNL4A/SF3A1/USP39/RBM5/PRPF8/DDX17/REST/NCL/CTNNBL1/SNRPD2/HNRNPA1/PRPF6/DHX38/PRPF40A
Core splicing programme,135,135,GO:0048024,"regulation of mRNA splicing, via spliceosome",54/134,67/9907,1.21862847226831e-93,2.23009010425101e-91,54,KHDRBS2/KHDRBS3/SRRM1/RNPS1/JMJD6/FMR1/ACIN1/YTHDC1/PCBP4/HNRNPL/SON/NOVA1/SNW1/SNRPB/RBM15B/NOVA2/SRPK2/U2AF2/PTBP1/NUP98/HNRNPU/WTAP/SNRPE/KHDRBS1/SNRPD1/SRPK1/QKI/SNRPF/SAP18/DAZAP1/DYRK1A/ZBTB7A/SNRPG/PUF60/RBM39/PRDX6/THRAP3/RBM7/LARP7/TIA1/RBM8A/SNRPD3/RBM23/SMU1/RBM25/RBM15/C1QBP/NCBP1/RBM5/PRPF8/DDX17/REST/SNRPD2/HNRNPA1
Core splicing programme,135,135,GO:0043484,regulation of RNA splicing,62/134,109/9907,8.87847010369267e-93,1.42166502535379e-90,62,MBNL1/KHDRBS2/MBNL2/KHDRBS3/SRRM1/RNPS1/JMJD6/FMR1/RBM22/ACIN1/YTHDC1/PCBP4/HNRNPL/SON/NOVA1/MYOD1/SNW1/SNRPB/RBM15B/NOVA2/SRPK2/U2AF2/PTBP1/NUP98/HNRNPU/PQBP1/WTAP/SNRPE/KHDRBS1/SNRPD1/SRPK1/QKI/SNRPF/SAP18/DAZAP1/DYRK1A/ZBTB7A/SNRPG/PUF60/SF3B5/RBM39/PRDX6/THRAP3/RBM7/LARP7/TIA1/RBM8A/SNRPD3/RBM23/SMU1/SF3B3/RBM25/RBM15/MBNL3/C1QBP/NCBP1/RBM5/PRPF8/DDX17/REST/SNRPD2/HNRNPA1
Core splicing programme,135,135,GO:0050684,regulation of mRNA processing,55/134,84/9907,1.01555487872564e-86,1.4454731107195e-84,55,KHDRBS2/KHDRBS3/SRRM1/RNPS1/JMJD6/FMR1/ACIN1/YTHDC1/PCBP4/HNRNPL/SON/NOVA1/SNW1/SNRPB/RBM15B/NOVA2/SRPK2/U2AF2/PTBP1/NUP98/HNRNPU/WTAP/SNRPE/KHDRBS1/SNRPD1/SRPK1/QKI/SNRPF/SAP18/DAZAP1/DYRK1A/ZBTB7A/SNRPG/PUF60/RBM39/PRDX6/THRAP3/NCBP2/RBM7/LARP7/TIA1/RBM8A/SNRPD3/RBM23/SMU1/RBM25/RBM15/C1QBP/NCBP1/RBM5/PRPF8/DDX17/REST/SNRPD2/HNRNPA1
Core splicing programme,135,135,GO:1903311,regulation of mRNA metabolic process,66/134,205/9907,3.69323379005405e-78,4.73103248505924e-76,66,KHDRBS2/KHDRBS3/SRRM1/RNPS1/JMJD6/FMR1/ACIN1/YTHDC1/PCBP4/HNRNPL/LSM5/SON/NOVA1/SNW1/SNRPB/LSM2/FXR1/RBM15B/NOVA2/SRPK2/U2AF2/EIF4A3/PTBP1/NUP98/HNRNPU/WTAP/SNRPE/KHDRBS1/SNRPD1/SRPK1/QKI/SNRPF/SAP18/CIRBP/DAZAP1/LSM4/DYRK1A/ZBTB7A/SNRPG/PUF60/RBM39/PRDX6/THRAP3/LSM7/FXR2/NCBP2/RBM7/LARP7/LSM3/TIA1/HNRNPC/RBM8A/SNRPD3/RBM23/LSM6/SMU1/RBM25/RBM15/C1QBP/NCBP1/RBM5/PRPF8/DDX17/REST/SNRPD2/HNRNPA1
Core splicing programme,135,135,GO:0000245,spliceosomal complex assembly,36/134,47/9907,4.9367717311525e-60,5.74909507964214e-58,36,SF3A2/SF3A3/SF3B4/SNRPA1/DDX42/YTHDC1/SNRPB/SRPK2/U2AF2/PRPF19/SNRPE/SNRPD1/DDX23/SRPK1/PRPF4/SNRPF/DDX46/SNRPG/PUF60/SF3B5/SF1/SF3B1/SNRPB2/PRPF3/SF3B2/SNRPD3/CRNKL1/SF3B3/SNRPC/NCBP1/TXNL4A/SF3A1/USP39/RBM5/SNRPD2/PRPF6
Core splicing programme,135,135,GO:0022618,protein-RNA complex assembly,49/134,139/9907,6.22284993454516e-59,6.64289230512696e-57,49,SNRPA/SF3A2/XAB2/SF3A3/SF3B4/SNRPA1/DDX42/YTHDC1/LSM5/SNRPB/LSM2/SRPK2/U2AF2/PRPF19/SNRPE/PRPF31/PRPF18/SNRPD1/DDX23/SRPK1/PRPF4/SNRPF/SART1/LSM4/DDX46/SNRPG/PUF60/SF3B5/SF1/SF3B1/SNRPB2/LSM7/PRPF3/SF3B2/RBM42/LSM3/SNRPD3/LSM6/CRNKL1/SF3B3/SNRPC/NCBP1/TXNL4A/SF3A1/USP39/RBM5/PRPF8/SNRPD2/PRPF6
Core splicing programme,135,135,GO:0000387,spliceosomal snRNP assembly,36/134,51/9907,8.69350655866419e-58,8.56644761665294e-56,36,SNRPA/SF3A2/SF3A3/SF3B4/SNRPA1/LSM5/SNRPB/LSM2/PRPF19/SNRPE/PRPF31/SNRPD1/DDX23/PRPF4/SNRPF/SART1/LSM4/SNRPG/SF3B5/SF3B1/SNRPB2/LSM7/PRPF3/SF3B2/RBM42/LSM3/SNRPD3/LSM6/SF3B3/SNRPC/TXNL4A/SF3A1/USP39/PRPF8/SNRPD2/PRPF6
Core splicing programme,135,135,GO:0071826,protein-RNA complex organization,49/134,147/9907,1.64504521965512e-57,1.50521637598443e-55,49,SNRPA/SF3A2/XAB2/SF3A3/SF3B4/SNRPA1/DDX42/YTHDC1/LSM5/SNRPB/LSM2/SRPK2/U2AF2/PRPF19/SNRPE/PRPF31/PRPF18/SNRPD1/DDX23/SRPK1/PRPF4/SNRPF/SART1/LSM4/DDX46/SNRPG/PUF60/SF3B5/SF1/SF3B1/SNRPB2/LSM7/PRPF3/SF3B2/RBM42/LSM3/SNRPD3/LSM6/CRNKL1/SF3B3/SNRPC/NCBP1/TXNL4A/SF3A1/USP39/RBM5/PRPF8/SNRPD2/PRPF6
Core splicing programme,135,135,GO:0000380,"alternative mRNA splicing, via spliceosome",32/134,44/9907,5.49274021593798e-52,4.69080014441103e-50,32,KHDRBS2/KHDRBS3/RNPS1/FMR1/YTHDC1/HNRNPL/NOVA1/RBM15B/NOVA2/PTBP1/HNRNPU/PQBP1/WTAP/KHDRBS1/SAP18/DYRK1A/ZBTB7A/PUF60/THRAP3/NCBP2/RBM7/TIA1/RBM8A/RBM17/SMU1/RBM25/RBM15/NCBP1/RBM5/DDX17/REST/HNRNPA1
Core splicing programme,135,135,GO:0022613,ribonucleoprotein complex biogenesis,54/134,300/9907,1.13626830688242e-47,9.09724813197734e-46,54,SNRPA/SF3A2/XAB2/SF3A3/SF3B4/SNRPA1/DDX42/YTHDC1/LSM5/SNRPB/LSM2/WBP11/SRPK2/U2AF2/EIF4A3/PRPF19/SNRPE/PRPF31/PRPF18/SNRPD1/DDX23/SRPK1/PRPF4/SNRPF/SART1/RBM10/LSM4/DDX46/SNRPG/PUF60/SF3B5/SF1/SF3B1/SNRPB2/LSM7/PRPF3/SF3B2/RBM42/LSM3/SNRPD3/LSM6/CRNKL1/SF3B3/C1QBP/SNRPC/NCBP1/TXNL4A/SF3A1/USP39/RBM5/PRPF8/DDX17/SNRPD2/PRPF6
Core splicing programme,135,135,GO:0000381,"regulation of alternative mRNA splicing, via spliceosome",28/134,35/9907,1.46690991758854e-47,1.10535976731231e-45,28,KHDRBS2/KHDRBS3/RNPS1/FMR1/YTHDC1/HNRNPL/NOVA1/RBM15B/NOVA2/PTBP1/HNRNPU/WTAP/KHDRBS1/SAP18/DYRK1A/ZBTB7A/PUF60/THRAP3/RBM7/TIA1/RBM8A/SMU1/RBM25/RBM15/RBM5/DDX17/REST/HNRNPA1
Core splicing programme,135,135,GO:0000393,spliceosomal conformational changes to generate catalytic conformation,22/134,24/9907,3.4267794423533e-40,2.43872470314143e-38,22,XAB2/SF3B4/SNRPB/SNRPE/PRPF31/PRPF18/SNRPD1/DDX23/PRPF4/SNRPF/SART1/SNRPG/SF3B5/SF3B1/PRPF3/SF3B2/SNRPD3/SF3B3/USP39/PRPF8/SNRPD2/PRPF6
Core splicing programme,135,135,GO:0000244,spliceosomal tri-snRNP complex assembly,22/134,27/9907,9.70088731812153e-38,6.54044034448089e-36,22,LSM5/SNRPB/LSM2/PRPF19/SNRPE/PRPF31/SNRPD1/DDX23/PRPF4/SNRPF/SART1/LSM4/SNRPG/LSM7/PRPF3/LSM3/SNRPD3/LSM6/USP39/PRPF8/SNRPD2/PRPF6
Core splicing programme,135,135,GO:0000388,spliceosome conformational change to release U4 (or U4atac) and U1 (or U11),20/134,22/9907,2.17552886626669e-36,1.39342623884381e-34,20,SF3B4/SNRPB/SNRPE/PRPF31/SNRPD1/DDX23/PRPF4/SNRPF/SART1/SNRPG/SF3B5/SF3B1/PRPF3/SF3B2/SNRPD3/SF3B3/USP39/PRPF8/SNRPD2/PRPF6
Core splicing programme,135,135,GO:1903241,U2-type prespliceosome assembly,19/134,22/9907,1.23310241395383e-33,7.52192472511834e-32,19,SF3A2/SF3A3/SF3B4/SNRPA1/DDX42/SNRPB/SNRPE/SNRPD1/SNRPF/DDX46/SNRPG/SF3B5/SF3B1/SNRPB2/SF3B2/SNRPD3/SF3B3/SF3A1/SNRPD2
Core splicing programme,135,135,GO:0048025,"negative regulation of mRNA splicing, via spliceosome",15/134,15/9907,4.15675973501014e-29,2.42036782752181e-27,15,RNPS1/ACIN1/PCBP4/SNRPB/U2AF2/PTBP1/SNRPE/SNRPD1/SNRPF/SAP18/SNRPG/SNRPD3/C1QBP/PRPF8/SNRPD2
Core splicing programme,135,135,GO:0050686,negative regulation of mRNA processing,15/134,16/9907,6.57580732564222e-28,3.66243877571639e-26,15,RNPS1/ACIN1/PCBP4/SNRPB/U2AF2/PTBP1/SNRPE/SNRPD1/SNRPF/SAP18/SNRPG/SNRPD3/C1QBP/PRPF8/SNRPD2
Core splicing programme,135,135,GO:0033119,negative regulation of RNA splicing,15/134,17/9907,5.52639509496431e-27,2.9497133819372e-25,15,RNPS1/ACIN1/PCBP4/SNRPB/U2AF2/PTBP1/SNRPE/SNRPD1/SNRPF/SAP18/SNRPG/SNRPD3/C1QBP/PRPF8/SNRPD2
Core splicing programme,135,135,GO:1903312,negative regulation of mRNA metabolic process,22/134,74/9907,2.62428983319595e-24,1.34468611052961e-22,22,RNPS1/ACIN1/PCBP4/SNW1/SNRPB/FXR1/U2AF2/PTBP1/HNRNPU/SNRPE/SNRPD1/QKI/SNRPF/SAP18/CIRBP/SNRPG/THRAP3/HNRNPC/SNRPD3/C1QBP/PRPF8/SNRPD2
Mesenchymal splicing leading edge,49,49,GO:0008380,RNA splicing,47/48,267/9907,1.21764327575588e-74,8.56003222856387e-72,47,SYF2/DDX17/DAZAP1/CIRBP/DHX8/SRPK2/SMNDC1/TRA2A/PRPF38B/PQBP1/CDC5L/U2AF1/HNRNPU/SF3A3/SRRM1/RBM15/CTNNBL1/SNRPE/RBM17/THOC2/PRPF18/SON/RBM3/RBM7/CDC40/DDX42/BCAS2/MBNL2/DHX15/NCBP1/RBM39/SF3B1/KHDRBS1/WTAP/FMR1/RBM22/DYRK1A/THOC1/SRPK1/SNRPD1/HNRNPA3/SNRPA1/SNW1/QKI/RBM25/SAP18/SART1
Mesenchymal splicing leading edge,49,49,GO:0006397,mRNA processing,47/48,287/9907,4.98106250628253e-73,1.75084347095831e-70,47,SYF2/DDX17/DAZAP1/CIRBP/DHX8/SRPK2/SMNDC1/TRA2A/PRPF38B/PQBP1/CDC5L/U2AF1/HNRNPU/SF3A3/SRRM1/RBM15/CTNNBL1/SNRPE/RBM17/THOC2/PRPF18/SON/RBM3/RBM7/CDC40/DDX42/BCAS2/MBNL2/DHX15/NCBP1/RBM39/SF3B1/KHDRBS1/WTAP/FMR1/RBM22/DYRK1A/THOC1/SRPK1/SNRPD1/HNRNPA3/SNRPA1/SNW1/QKI/RBM25/SAP18/SART1
Mesenchymal splicing leading edge,49,49,GO:0000375,"RNA splicing, via transesterification reactions",43/48,196/9907,6.57663996097136e-70,1.54112596418762e-67,43,SYF2/DDX17/DAZAP1/CIRBP/DHX8/SRPK2/SMNDC1/TRA2A/PQBP1/CDC5L/U2AF1/HNRNPU/SF3A3/SRRM1/RBM15/CTNNBL1/SNRPE/RBM17/PRPF18/SON/RBM3/RBM7/CDC40/DDX42/BCAS2/DHX15/NCBP1/RBM39/SF3B1/KHDRBS1/WTAP/FMR1/RBM22/DYRK1A/SRPK1/SNRPD1/HNRNPA3/SNRPA1/SNW1/QKI/RBM25/SAP18/SART1
Mesenchymal splicing leading edge,49,49,GO:0000377,"RNA splicing, via transesterification reactions with bulged adenosine as nucleophile",42/48,192/9907,1.1257855936187e-67,1.58285454462789e-65,42,SYF2/DDX17/DAZAP1/CIRBP/DHX8/SRPK2/TRA2A/PQBP1/CDC5L/U2AF1/HNRNPU/SF3A3/SRRM1/RBM15/CTNNBL1/SNRPE/RBM17/PRPF18/SON/RBM3/RBM7/CDC40/DDX42/BCAS2/DHX15/NCBP1/RBM39/SF3B1/KHDRBS1/WTAP/FMR1/RBM22/DYRK1A/SRPK1/SNRPD1/HNRNPA3/SNRPA1/SNW1/QKI/RBM25/SAP18/SART1
Mesenchymal splicing leading edge,49,49,GO:0000398,"mRNA splicing, via spliceosome",42/48,192/9907,1.1257855936187e-67,1.58285454462789e-65,42,SYF2/DDX17/DAZAP1/CIRBP/DHX8/SRPK2/TRA2A/PQBP1/CDC5L/U2AF1/HNRNPU/SF3A3/SRRM1/RBM15/CTNNBL1/SNRPE/RBM17/PRPF18/SON/RBM3/RBM7/CDC40/DDX42/BCAS2/DHX15/NCBP1/RBM39/SF3B1/KHDRBS1/WTAP/FMR1/RBM22/DYRK1A/SRPK1/SNRPD1/HNRNPA3/SNRPA1/SNW1/QKI/RBM25/SAP18/SART1
Mesenchymal splicing leading edge,49,49,GO:0016071,mRNA metabolic process,47/48,454/9907,5.15012138388314e-63,6.03422555478308e-61,47,SYF2/DDX17/DAZAP1/CIRBP/DHX8/SRPK2/SMNDC1/TRA2A/PRPF38B/PQBP1/CDC5L/U2AF1/HNRNPU/SF3A3/SRRM1/RBM15/CTNNBL1/SNRPE/RBM17/THOC2/PRPF18/SON/RBM3/RBM7/CDC40/DDX42/BCAS2/MBNL2/DHX15/NCBP1/RBM39/SF3B1/KHDRBS1/WTAP/FMR1/RBM22/DYRK1A/THOC1/SRPK1/SNRPD1/HNRNPA3/SNRPA1/SNW1/QKI/RBM25/SAP18/SART1
Mesenchymal splicing leading edge,49,49,GO:0043484,regulation of RNA splicing,24/48,109/9907,1.74267370509805e-35,1.75014230669132e-33,24,DDX17/DAZAP1/SRPK2/PQBP1/HNRNPU/SRRM1/RBM15/SNRPE/SON/RBM7/MBNL2/NCBP1/RBM39/KHDRBS1/WTAP/FMR1/RBM22/DYRK1A/SRPK1/SNRPD1/SNW1/QKI/RBM25/SAP18
Mesenchymal splicing leading edge,49,49,GO:0048024,"regulation of mRNA splicing, via spliceosome",21/48,67/9907,1.6297884270706e-34,1.43217658028829e-32,21,DDX17/DAZAP1/SRPK2/HNRNPU/SRRM1/RBM15/SNRPE/SON/RBM7/NCBP1/RBM39/KHDRBS1/WTAP/FMR1/DYRK1A/SRPK1/SNRPD1/SNW1/QKI/RBM25/SAP18
Mesenchymal splicing leading edge,49,49,GO:0050684,regulation of mRNA processing,21/48,84/9907,3.93125134521213e-32,3.0707441063157e-30,21,DDX17/DAZAP1/SRPK2/HNRNPU/SRRM1/RBM15/SNRPE/SON/RBM7/NCBP1/RBM39/KHDRBS1/WTAP/FMR1/DYRK1A/SRPK1/SNRPD1/SNW1/QKI/RBM25/SAP18
Mesenchymal splicing leading edge,49,49,GO:1903311,regulation of mRNA metabolic process,22/48,205/9907,4.85478726655008e-25,3.4129154483847e-23,22,DDX17/DAZAP1/CIRBP/SRPK2/HNRNPU/SRRM1/RBM15/SNRPE/SON/RBM7/NCBP1/RBM39/KHDRBS1/WTAP/FMR1/DYRK1A/SRPK1/SNRPD1/SNW1/QKI/RBM25/SAP18
Mesenchymal splicing leading edge,49,49,GO:0000380,"alternative mRNA splicing, via spliceosome",13/48,44/9907,6.40911023683805e-21,4.09600408772468e-19,13,DDX17/PQBP1/HNRNPU/RBM15/RBM17/RBM7/NCBP1/KHDRBS1/WTAP/FMR1/DYRK1A/RBM25/SAP18
Mesenchymal splicing leading edge,49,49,GO:0000381,"regulation of alternative mRNA splicing, via spliceosome",10/48,35/9907,4.40322766333335e-16,2.57955753943612e-14,10,DDX17/HNRNPU/RBM15/RBM7/KHDRBS1/WTAP/FMR1/DYRK1A/RBM25/SAP18
Mesenchymal splicing leading edge,49,49,GO:0000245,spliceosomal complex assembly,9/48,47/9907,7.90895846155648e-13,4.2769213834417e-11,9,SRPK2/SF3A3/SNRPE/DDX42/NCBP1/SF3B1/SRPK1/SNRPD1/SNRPA1
Mesenchymal splicing leading edge,49,49,GO:0022618,protein-RNA complex assembly,11/48,139/9907,4.03830221628693e-11,2.02780461289265e-09,11,SRPK2/SF3A3/SNRPE/PRPF18/DDX42/NCBP1/SF3B1/SRPK1/SNRPD1/SNRPA1/SART1
Mesenchymal splicing leading edge,49,49,GO:0071826,protein-RNA complex organization,11/48,147/9907,7.43579497306499e-11,3.48490924404313e-09,11,SRPK2/SF3A3/SNRPE/PRPF18/DDX42/NCBP1/SF3B1/SRPK1/SNRPD1/SNRPA1/SART1
Mesenchymal splicing leading edge,49,49,GO:1903241,U2-type prespliceosome assembly,6/48,22/9907,6.5877326324882e-10,2.8944850253995e-08,6,SF3A3/SNRPE/DDX42/SF3B1/SNRPD1/SNRPA1
Mesenchymal splicing leading edge,49,49,GO:0022613,ribonucleoprotein complex biogenesis,12/48,300/9907,1.25338331866526e-08,5.18310866483339e-07,12,DDX17/SRPK2/SF3A3/SNRPE/PRPF18/DDX42/NCBP1/SF3B1/SRPK1/SNRPD1/SNRPA1/SART1
Mesenchymal splicing leading edge,49,49,GO:0033120,positive regulation of RNA splicing,5/48,18/9907,1.76158337558657e-08,6.87996173909642e-07,5,DAZAP1/NCBP1/RBM22/DYRK1A/SNW1
Mesenchymal splicing leading edge,49,49,GO:1903312,negative regulation of mRNA metabolic process,7/48,74/9907,5.60059615756012e-08,2.07222057829724e-06,7,CIRBP/HNRNPU/SNRPE/SNRPD1/SNW1/QKI/SAP18
Mesenchymal splicing leading edge,49,49,GO:0000393,spliceosomal conformational changes to generate catalytic conformation,5/48,24/9907,8.55085122374291e-08,3.00562420514563e-06,5,SNRPE/PRPF18/SF3B1/SNRPD1/SART1
Mesenchymal splicing leading edge,49,49,GO:0000387,spliceosomal snRNP assembly,6/48,51/9907,1.43063747032783e-07,4.78922924590697e-06,6,SF3A3/SNRPE/SF3B1/SNRPD1/SNRPA1/SART1
Mesenchymal splicing leading edge,49,49,GO:0045292,"mRNA cis splicing, via spliceosome",4/48,17/9907,1.10226228255522e-06,3.52222902107418e-05,4,RBM17/SF3B1/RBM22/SART1
Mesenchymal splicing leading edge,49,49,GO:0000388,spliceosome conformational change to release U4 (or U4atac) and U1 (or U11),4/48,22/9907,3.32811061939296e-06,0.000101724424584054,4,SNRPE/SF3B1/SNRPD1/SART1
Mesenchymal splicing leading edge,49,49,GO:0006403,RNA localization,7/48,138/9907,3.99427194603866e-06,0.000116998882419383,7,HNRNPU/THOC2/NCBP1/KHDRBS1/FMR1/THOC1/QKI
Mesenchymal splicing leading edge,49,49,GO:0006401,RNA catabolic process,8/48,219/9907,8.84247937899692e-06,0.000248650520137394,8,CIRBP/HNRNPU/SNRPE/RBM7/NCBP1/FMR1/SNW1/QKI
