key,pmid,doi,title,authors,journal,year,volume,issue,pages,cited_by,loose_match,query
morris2019_ebmd,30598549,10.1038/s41588-018-0302-x,An atlas of genetic influences on osteoporosis in humans and mice,"Morris JA, Kemp JP, Youlten SE, Laurent L, Logan JG, Chai RC, Vulpescu NA, Forgetta V, Kleinman A, Mohanty ST, Sergio CM, Quinn J, Nguyen-Yamamoto L, Luco AL, Vijay J, Simon MM, Pramatarova A, Medina-Gomez C, Trajanoska K, Ghirardello EJ, Butterfield NC, Curry KF, Leitch VD, Sparkes PC, Adoum AT, Mannan NS, Komla-Ebri DSK, Pollard AS, Dewhurst HF, Hassall TAD, Beltejar MG, 23andMe Research Team, Adams DJ, Vaillancourt SM, Kaptoge S, Baldock P, Cooper C, Reeve J, Ntzani EE, Evangelou E, Ohlsson C, Karasik D, Rivadeneira F, Kiel DP, Tobias JH, Gregson CL, Harvey NC, Grundberg E, Goltzman D, Adams DJ, Lelliott CJ, Hinds DA, Ackert-Bicknell CL, Hsu YH, Maurano MT, Croucher PI, Williams GR, Bassett JHD, Evans DM, Richards JB.",Nature genetics,2019,51,2,258-266,671,,"TITLE:""An atlas of genetic influences on osteoporosis in humans and mice"" AND SRC:MED"
tachmazidou2019_oa,30664745,10.1038/s41588-018-0327-1,Identification of new therapeutic targets for osteoarthritis through genome-wide analyses of UK Biobank data,"Tachmazidou I, Hatzikotoulas K, Southam L, Esparza-Gordillo J, Haberland V, Zheng J, Johnson T, Koprulu M, Zengini E, Steinberg J, Wilkinson JM, Bhatnagar S, Hoffman JD, Buchan N, Süveges D, arcOGEN Consortium, Yerges-Armstrong L, Smith GD, Gaunt TR, Scott RA, McCarthy LC, Zeggini E.",Nature genetics,2019,51,2,230-236,416,,"TITLE:""Identification of new therapeutic targets for osteoarthritis through genome-wide analyses of UK Biobank data"" AND SRC:MED"
hartley_bmd_oa_mr,34897459,10.1093/ije/dyab251,"Using multivariable Mendelian randomization to estimate the causal effect of bone mineral density on osteoarthritis risk, independently of body mass index","Hartley A, Sanderson E, Granell R, Paternoster L, Zheng J, Smith GD, Southam L, Hatzikotoulas K, Boer CG, van Meurs J, Zeggini E, Genetics of Osteoarthritis Consortium, Gregson CL, Tobias JH.",International journal of epidemiology,2022,51,4,1254-1267,42,,"(TITLE:""osteoarthritis"" AND TITLE:""bone mineral density"" AND TITLE:""Mendelian randomization"") AND SRC:MED"
langfelder2008_wgcna,19114008,10.1186/1471-2105-9-559,WGCNA: an R package for weighted correlation network analysis,"Langfelder P, Horvath S.",BMC bioinformatics,2008,9,,559,20165,,"TITLE:""WGCNA: an R package for weighted correlation network analysis"" AND SRC:MED"
hanzelmann2013_gsva,23323831,10.1186/1471-2105-14-7,GSVA: gene set variation analysis for microarray and RNA-seq data,"Hänzelmann S, Castelo R, Guinney J.",BMC bioinformatics,2013,14,,7,12019,,"TITLE:""GSVA: gene set variation analysis for microarray and RNA-seq data"" AND SRC:MED"
ritchie2015_limma,25605792,10.1093/nar/gkv007,limma powers differential expression analyses for RNA-sequencing and microarray studies,"Ritchie ME, Phipson B, Wu D, Hu Y, Law CW, Shi W, Smyth GK.",Nucleic acids research,2015,43,7,e47,32420,,"TITLE:""limma powers differential expression analyses for RNA-sequencing and microarray studies"" AND SRC:MED"
hao2021_seurat,34062119,10.1016/j.cell.2021.04.048,Integrated analysis of multimodal single-cell data,"Hao Y, Hao S, Andersen-Nissen E, Mauck WM, Zheng S, Butler A, Lee MJ, Wilk AJ, Darby C, Zager M, Hoffman P, Stoeckius M, Papalexi E, Mimitou EP, Jain J, Srivastava A, Stuart T, Fleming LM, Yeung B, Rogers AJ, McElrath JM, Blish CA, Gottardo R, Smibert P, Satija R.",Cell,2021,184,13,3573-3587.e29,13909,,"TITLE:""Integrated analysis of multimodal single-cell data"" AND SRC:MED"
friedman2010_glmnet,20808728,,Regularization Paths for Generalized Linear Models via Coordinate Descent,"Friedman J, Hastie T, Tibshirani R.",Journal of statistical software,2010,33,1,1-22,8678,,"TITLE:""Regularization Paths for Generalized Linear Models via Coordinate Descent"" AND SRC:MED"
fisch2018_gse114007,30081074,10.1016/j.joca.2018.07.012,Identification of transcription factors responsible for dysregulated networks in human osteoarthritis cartilage by global gene expression analysis,"Fisch KM, Gamini R, Alvarez-Garcia O, Akagi R, Saito M, Muramatsu Y, Sasho T, Koziol JA, Su AI, Lotz MK.",Osteoarthritis and cartilage,2018,26,11,1531-1538,219,,"(TITLE:""Identification of transcription factors responsible for dysregulated networks in human osteoarthritis cartilage"") AND SRC:MED"
benisch2012_gse35958,23028809,10.1371/journal.pone.0045142,The transcriptional profile of mesenchymal stem cell populations in primary osteoporosis is distinct and shows overexpression of osteogenic inhibitors,"Benisch P, Schilling T, Klein-Hitpass L, Frey SP, Seefried L, Raaijmakers N, Krug M, Regensburger M, Zeck S, Schinke T, Amling M, Ebert R, Jakob F.",PloS one,2012,7,9,e45142,177,,"(TITLE:""The transcriptional profile of mesenchymal stem cell populations in primary osteoporosis"") AND SRC:MED"
son_ztkk_syndrome,34521999,10.1038/s41431-021-00960-4,Establishing the phenotypic spectrum of ZTTK syndrome by analysis of 52 individuals with variants in SON,"Dingemans AJM, Truijen KMG, Kim JH, Alaçam Z, Faivre L, Collins KM, Gerkes EH, van Haelst M, van de Laar IMBH, Lindstrom K, Nizon M, Pauling J, Heropolitańska-Pliszka E, Plomp AS, Racine C, Sachdev R, Sinnema M, Skranes J, Veenstra-Knol HE, Verberne EA, Vulto-van Silfhout AT, Wilsterman MEF, Ahn EE, de Vries BBA, Vissers LELM.",European journal of human genetics : EJHG,2022,30,3,271-281,30,,"(TITLE:""SON"" AND TITLE:""ZTTK"") AND SRC:MED"
son_splicing_function,21504830,10.1016/j.molcel.2011.03.014,SON controls cell-cycle progression by coordinated regulation of RNA splicing,"Ahn EY, DeKelver RC, Lo MC, Nguyen TA, Matsuura S, Boyapati A, Pandit S, Fu XD, Zhang DE.",Molecular cell,2011,42,2,185-198,144,,"(TITLE:""SON"" AND (TITLE:""splicing"" OR TITLE:""spliceosome"")) AND SRC:MED"
splicing_ageing_harries,21668623,10.1111/j.1474-9726.2011.00726.x,Human aging is characterized by focused changes in gene expression and deregulation of alternative splicing,"Harries LW, Hernandez D, Henley W, Wood AR, Holly AC, Bradley-Smith RM, Yaghootkar H, Dutta A, Murray A, Frayling TM, Guralnik JM, Bandinelli S, Singleton A, Ferrucci L, Melzer D.",Aging cell,2011,10,5,868-878,219,,"(TITLE:""alternative splicing"" AND (TITLE:""ageing"" OR TITLE:""aging"" OR TITLE:""senescence"")) AND SRC:MED"
splicing_factor_senescence,22777358,10.1038/onc.2012.288,"Downregulation of splicing factor SRSF3 induces p53β, an alternatively spliced isoform of p53 that promotes cellular senescence","Tang Y, Horikawa I, Ajiro M, Robles AI, Fujita K, Mondal AM, Stauffer JK, Zheng ZM, Harris CC.",Oncogene,2013,32,22,2792-2798,145,,"(TITLE:""splicing factor"" AND TITLE:""senescence"") AND SRC:MED"
op_oa_comorbidity,8154931,10.1136/ard.53.3.158,The relationship between osteoarthritis and osteoporosis in the general population: the Chingford Study,"Hart DJ, Mootoosamy I, Doyle DV, Spector TD.",Annals of the rheumatic diseases,1994,53,3,158-162,220,,"(TITLE:""osteoporosis"" AND TITLE:""osteoarthritis"" AND (TITLE:""inverse"" OR TITLE:""association"" OR TITLE:""relationship"")) AND SRC:MED"
subchondral_bone_oa,23685840,10.1038/nm.3143,Inhibition of TGF-β signaling in mesenchymal stem cells of subchondral bone attenuates osteoarthritis,"Zhen G, Wen C, Jia X, Li Y, Crane JL, Mears SC, Askin FB, Frassica FJ, Chang W, Yao J, Carrino JA, Cosgarea A, Artemov D, Chen Q, Zhao Z, Zhou X, Riley L, Sponseller P, Wan M, Lu WW, Cao X.",Nature medicine,2013,19,6,704-712,796,,"(TITLE:""subchondral bone"" AND TITLE:""osteoarthritis"") AND SRC:MED"
msc_osteoporosis_differentiation,23283437,10.4067/s0716-97602012000300009,"In osteoporosis, differentiation of mesenchymal stem cells (MSCs) improves bone marrow adipogenesis","Pino AM, Rosen CJ, Rodríguez JP.",Biological research,2012,45,3,279-287,165,,"(TITLE:""mesenchymal stem cells"" AND TITLE:""osteoporosis"" AND (TITLE:""differentiation"" OR TITLE:""adipogenic"")) AND SRC:MED"
oa_chondrocyte_scrnaseq,38868774,10.3389/fimmu.2024.1407679,Single-cell RNA sequencing reveals different chondrocyte states in femoral cartilage between osteoarthritis and healthy individuals,"Sun Z, Yan M, Wang J, Zhang H, Ji X, Xiao Y, Wang T, Yu T.",Frontiers in immunology,2024,15,,1407679,12,,"(TITLE:""single-cell RNA"" AND TITLE:""osteoarthritis"" AND TITLE:""cartilage"") AND SRC:MED"
chondrocyte_hypertrophy_oa,22178514,10.1016/j.joca.2011.12.003,Chondrocyte hypertrophy and osteoarthritis: role in initiation and progression of cartilage degeneration?,"van der Kraan PM, van den Berg WB.",Osteoarthritis and cartilage,2012,20,3,223-232,479,,"(TITLE:""chondrocyte hypertrophy"" AND TITLE:""osteoarthritis"") AND SRC:MED"
stouffer_meta_zscore,9520501,10.1093/bioinformatics/14.1.48,Combining evidence using p-values: application to sequence homology searches,"Bailey TL, Gribskov M.","Bioinformatics (Oxford, England)",1998,14,1,48-54,879,,"(TITLE:""combining"" AND TITLE:""p-values"") AND SRC:MED"
gwas_catalog,30445434,10.1093/nar/gky1120,"The NHGRI-EBI GWAS Catalog of published genome-wide association studies, targeted arrays and summary statistics 2019","Buniello A, MacArthur JAL, Cerezo M, Harris LW, Hayhurst J, Malangone C, McMahon A, Morales J, Mountjoy E, Sollis E, Suveges D, Vrousgou O, Whetzel PL, Amode R, Guillen JA, Riat HS, Trevanion SJ, Hall P, Junkins H, Flicek P, Burdett T, Hindorff LA, Cunningham F, Parkinson H.",Nucleic acids research,2019,47,D1,D1005-D1012,3356,,"TITLE:""The NHGRI-EBI GWAS Catalog"" AND SRC:MED"
batch_effect_combat,16632515,10.1093/biostatistics/kxj037,Adjusting batch effects in microarray expression data using empirical Bayes methods,"Johnson WE, Li C, Rabinovic A.","Biostatistics (Oxford, England)",2007,8,1,118-127,6345,,"TITLE:""Adjusting batch effects in microarray expression data using empirical Bayes methods"" AND SRC:MED"
bone_cartilage_crosstalk,27652499,10.1038/nrrheum.2016.148,"Changes in the osteochondral unit during osteoarthritis: structure, function and cartilage-bone crosstalk","Goldring SR, Goldring MB.",Nature reviews. Rheumatology,2016,12,11,632-644,608,,"(TITLE:""crosstalk"" AND TITLE:""bone"" AND TITLE:""cartilage"") AND SRC:MED"
spliceosome_bone_osteoblast,30696066,10.3390/ijms20030551,Mettl3 Regulates Osteogenic Differentiation and Alternative Splicing of Vegfa in Bone Marrow Mesenchymal Stem Cells,"Tian C, Huang Y, Li Q, Feng Z, Xu Q.",International journal of molecular sciences,2019,20,3,E551,137,,"((TITLE:""splicing"" OR TITLE:""spliceosome"") AND (TITLE:""osteoblast"" OR TITLE:""bone"")) AND SRC:MED"
nuclear_speckle,12923522,10.1038/nrm1172,Nuclear speckles: a model for nuclear organelles,"Lamond AI, Spector DL.",Nature reviews. Molecular cell biology,2003,4,8,605-612,800,,"TITLE:""nuclear speckles"" AND SRC:MED"
geo_database,23193258,10.1093/nar/gks1193,NCBI GEO: archive for functional genomics data sets--update,"Barrett T, Wilhite SE, Ledoux P, Evangelista C, Kim IF, Tomashevsky M, Marshall KA, Phillippy KH, Sherman PM, Holko M, Yefanov A, Lee H, Zhang N, Robertson CL, Serova N, Davis S, Soboleva A.",Nucleic acids research,2013,41,Database issue,D991-5,8114,,"TITLE:""NCBI GEO: archive for functional genomics data sets"" AND SRC:MED"
op_monocyte_transcriptome,38652170,10.1093/jbmr/zjae065,Single-cell RNA sequencing reveals that an imbalance in monocyte subsets rather than changes in gene expression patterns is a feature of postmenopausal osteoporosis,"Tao L, Jiang W, Li H, Wang X, Tian Z, Yang K, Zhu Y.",Journal of bone and mineral research : the official journal of the American Society for Bone and Mineral Research,2024,39,7,980-993,14,,"(TITLE:""monocyte"" AND TITLE:""osteoporosis"" AND (TITLE:""gene expression"" OR TITLE:""transcriptom"")) AND SRC:MED"
osteoclast_monocyte_precursor,8756585,10.1210/endo.137.9.8756585,The human osteoclast precursor circulates in the monocyte fraction,"Fujikawa Y, Quinn JM, Sabokbar A, McGee JO, Athanasou NA.",Endocrinology,1996,137,9,4058-4060,265,,"(TITLE:""osteoclast"" AND TITLE:""monocyte"" AND TITLE:""precursor"") AND SRC:MED"
benjamini1995_bh,,10.1111/j.2517-6161.1995.tb02031.x,Controlling the False Discovery Rate: A Practical and Powerful Approach to Multiple Testing,"Benjamini Y, Hochberg Y.",Journal of the Royal Statistical Society Series B: Statistical Methodology,1995,57,,289-300,,,
ramos2014_gse57218,25054223,10.1371/journal.pone.0103056,Genes involved in the osteoarthritis process identified through genome wide expression analysis in articular cartilage; the RAAK study,"Ramos YF, den Hollander W, Bovée JV, Bomer N, van der Breggen R, Lakenberg N, Keurentjes JC, Goeman JJ, Slagboom PE, Nelissen RG, Bos SD, Meulenbelt I.",PloS one,2014,9,7,e103056,146,,"(TITLE:""Genes involved in the osteoarthritis process identified through genome wide expression analysis in articular cartilage"") AND SRC:MED"
liu2005_gse56815,18924182,10.1002/pmic.200700480,Proteomic analysis of circulating monocytes in Chinese premenopausal females with extremely discordant bone mineral density,"Deng FY, Liu YZ, Li LM, Jiang C, Wu S, Chen Y, Jiang H, Yang F, Xiong JX, Xiao P, Xiao SM, Tan LJ, Sun X, Zhu XZ, Liu MY, Lei SF, Chen XD, Xie JY, Xiao GG, Liang SP, Deng HW.",Proteomics,2008,8,20,4259-4272,42,,"((TITLE:""circulating monocytes"" OR TITLE:""peripheral blood monocytes"") AND TITLE:""bone mineral density"") AND SRC:MED"
xiao2008_gse7158,19223260,10.1016/j.bone.2008.05.016,"An in vivo genome wide gene expression study of circulating monocytes suggested GBP1, STAT1 and CXCL10 as novel risk genes for the differentiation of peak bone mass","Lei SF, Wu S, Li LM, Deng FY, Xiao SM, Jiang C, Chen Y, Jiang H, Yang F, Tan LJ, Sun X, Zhu XZ, Liu MY, Liu YZ, Chen XD, Deng HW.",Bone,2009,44,5,1010-1014,48,,"(TITLE:""peak bone mass"" AND (TITLE:""gene expression"" OR TITLE:""monocyte"")) AND SRC:MED"
subramanian2005_gsea,16199517,10.1073/pnas.0506580102,Gene set enrichment analysis: a knowledge-based approach for interpreting genome-wide expression profiles,"Subramanian A, Tamayo P, Mootha VK, Mukherjee S, Ebert BL, Gillette MA, Paulovich A, Pomeroy SL, Golub TR, Lander ES, Mesirov JP.",Proceedings of the National Academy of Sciences of the United States of America,2005,102,43,15545-15550,41912,,"TITLE:""Gene set enrichment analysis: a knowledge-based approach for interpreting genome-wide expression profiles"" AND SRC:MED"
ashburner2000_go,10802651,10.1038/75556,Gene ontology: tool for the unification of biology. The Gene Ontology Consortium,"Ashburner M, Ball CA, Blake JA, Botstein D, Butler H, Cherry JM, Davis AP, Dolinski K, Dwight SS, Eppig JT, Harris MA, Hill DP, Issel-Tarver L, Kasarskis A, Lewis S, Matese JC, Richardson JE, Ringwald M, Rubin GM, Sherlock G.",Nature genetics,2000,25,1,25-29,32154,,"TITLE:""Gene ontology: tool for the unification of biology"" AND SRC:MED"
jassal2020_reactome,31691815,10.1093/nar/gkz1031,The reactome pathway knowledgebase,"Jassal B, Matthews L, Viteri G, Gong C, Lorente P, Fabregat A, Sidiropoulos K, Cook J, Gillespie M, Haw R, Loney F, May B, Milacic M, Rothfels K, Sevilla C, Shamovsky V, Shorser S, Varusai T, Weiser J, Wu G, Stein L, Hermjakob H, D'Eustachio P.",Nucleic acids research,2020,48,D1,D498-D503,2339,,"TITLE:""The reactome pathway knowledgebase"" AND SRC:MED"
robin2011_proc,21414208,10.1186/1471-2105-12-77,pROC: an open-source package for R and S+ to analyze and compare ROC curves,"Robin X, Turck N, Hainard A, Tiberti N, Lisacek F, Sanchez JC, Müller M.",BMC bioinformatics,2011,12,,77,9534,,"TITLE:""pROC: an open-source package for R and S+ to analyze and compare ROC curves"" AND SRC:MED"
delong1988_auc,3203132,10.2307/2531595,Comparing the areas under two or more correlated receiver operating characteristic curves: a nonparametric approach,"DeLong ER, DeLong DM, Clarke-Pearson DL.",Biometrics,1988,44,3,837-845,16040,,"TITLE:""Comparing the areas under two or more correlated receiver operating characteristic curves"" AND SRC:MED"
op_oa_inverse_meta,34166859,10.1016/j.bone.2021.116068,"Osteoporosis, fracture, osteoarthritis &amp; sarcopenia: A systematic review of circulating microRNA association","Jones TL, Esa MS, Li KHC, Krishnan SRG, Elgallab GM, Pearce MS, Young DA, Birrell FN.",Bone,2021,152,,116068,38,,"((TITLE:""osteoarthritis"" AND TITLE:""osteoporosis"") AND (TITLE:""meta-analysis"" OR TITLE:""systematic review"")) AND SRC:MED"
hip_fracture_oa_risk,16874784,10.1002/art.22088,"Knee pain, knee osteoarthritis, and the risk of fracture","Arden NK, Crozier S, Smith H, Anderson F, Edwards C, Raphael H, Cooper C.",Arthritis and rheumatism,2006,55,4,610-615,131,,"(TITLE:""osteoarthritis"" AND TITLE:""fracture"" AND TITLE:""risk"") AND SRC:MED"
msc_senescence_splicing,42281170,10.1002/ctm2.70711,NAT10-mediated N4-acetylcytidine modification drives RNA splicing of PML to alleviate adipose-derived stem cell senescence and promote diabetic wound healing,"Wei W, Jiang C, Zhu D, Han X, Ma X, Jia X, Ling J, Zhang R, Li F, Yin N.",Clinical and translational medicine,2026,16,6,e70711,0,,"((TITLE:""mesenchymal"" OR TITLE:""stem cell"") AND TITLE:""senescence"" AND (TITLE:""splicing"" OR TITLE:""spliceosome"")) AND SRC:MED"
son_nuclear_speckle_stem,33095160,10.7554/elife.60579,SON and SRRM2 are essential for nuclear speckle formation,"Ilik İA, Malszycki M, Lübke AK, Schade C, Meierhofer D, Aktaş T.",eLife,2020,9,,e60579,247,,"(TITLE:""SON"" AND (TITLE:""nuclear speckle"" OR TITLE:""pluripotency"" OR TITLE:""stem cell"")) AND SRC:MED"
oa_cartilage_rnaseq_integrative,16626978,10.1016/j.joca.2006.02.012,"An integrated analysis of five double-blind, randomized controlled trials evaluating the safety and efficacy of a hyaluronan product for intra-articular injection in osteoarthritis of the knee","Strand V, Conaghan PG, Lohmander LS, Koutsoukos AD, Hurley FL, Bird H, Brooks P, Day R, Puhl W, Band PA.",Osteoarthritis and cartilage,2006,14,9,859-866,48,,"((TITLE:""osteoarthritis"") AND (TITLE:""integrative"" OR TITLE:""integrated"") AND (TITLE:""analysis"")) AND SRC:MED"
bone_marrow_msc_osteoporosis_transcriptome,17166785,10.1016/j.bone.2006.10.021,"Gene expression profiling of bone marrow stromal cells from juvenile, adult, aged and osteoporotic rats: with an emphasis on osteoporosis","Xiao Y, Fu H, Prasadam I, Yang YC, Hollinger JO.",Bone,2007,40,3,700-715,21,,"((TITLE:""bone marrow"" AND TITLE:""osteoporosis"") AND (TITLE:""transcriptom"" OR TITLE:""gene expression"")) AND SRC:MED"
cross_tissue_gene_expression_variation,23715323,10.1038/ng.2653,The Genotype-Tissue Expression (GTEx) project,GTEx Consortium.,Nature genetics,2013,45,6,580-585,7556,,"TITLE:""The Genotype-Tissue Expression (GTEx) project"" AND SRC:MED"
wilkinson2016_fair,26978244,10.1038/sdata.2016.18,The FAIR Guiding Principles for scientific data management and stewardship,"Wilkinson MD, Dumontier M, Aalbersberg IJ, Appleton G, Axton M, Baak A, Blomberg N, Boiten JW, da Silva Santos LB, Bourne PE, Bouwman J, Brookes AJ, Clark T, Crosas M, Dillo I, Dumon O, Edmunds S, Evelo CT, Finkers R, Gonzalez-Beltran A, Gray AJ, Groth P, Goble C, Grethe JS, Heringa J, 't Hoen PA, Hooft R, Kuhn T, Kok R, Kok J, Lusher SJ, Martone ME, Mons A, Packer AL, Persson B, Rocca-Serra P, Roos M, van Schaik R, Sansone SA, Schultes E, Sengstag T, Slater T, Strawn G, Swertz MA, Thompson M, van der Lei J, van Mulligen E, Velterop J, Waagmeester A, Wittenburg P, Wolstencroft K, Zhao J, Mons B.",Scientific data,2016,3,,160018,6778,,"TITLE:""The FAIR Guiding Principles for scientific data management and stewardship"" AND SRC:MED"
hedges_effect_size,11928886,10.1037/1082-989x.7.1.105,Combining effect size estimates in meta-analysis with repeated measures and independent-groups designs,"Morris SB, DeShon RP.",Psychological methods,2002,7,1,105-125,1265,,"(TITLE:""effect size"" AND (TITLE:""meta-analysis"" OR TITLE:""estimation"")) AND SRC:MED"
splicing_dysregulation_disease,11932019,10.1016/s0168-9525(01)02626-9,Alternative splicing: multiple control mechanisms and involvement in human disease,"Cáceres JF, Kornblihtt AR.",Trends in genetics : TIG,2002,18,4,186-193,474,,"(TITLE:""alternative splicing"" AND TITLE:""disease"") AND SRC:MED"
osteoblast_adipocyte_switch,25751060,10.1172/jci77716,MicroRNA-188 regulates age-related switch between osteoblast and adipocyte differentiation,"Li CJ, Cheng P, Liang MK, Chen YS, Lu Q, Wang JY, Xia ZY, Zhou HD, Cao X, Xie H, Liao EY, Luo XH.",The Journal of clinical investigation,2015,125,4,1509-1522,431,,"((TITLE:""osteoblast"" AND TITLE:""adipocyte"") AND (TITLE:""switch"" OR TITLE:""lineage"" OR TITLE:""balance"")) AND SRC:MED"
chen2024_bmsc_hub,37865148,10.1016/j.gene.2023.147914,What do osteoporosis and osteoarthritis have in common? An integrated study of overlapping differentially expressed genes in bone mesenchymal stem cells of osteoporosis and osteoarthritis,"Chen K, Zhu P, Chu M, Tao H, Wang Q, Lv S, Huang L, Geng D.",Gene,2024,893,,147914,,,
jiang2026_son_target,42278435,10.3390/ijms27114905,Targeting Osteoporosis-Osteoarthritis Comorbidity: Multi-Omics Identification of SON and Exploration of Therapeutic Agents,"Jiang K, Du J, Yang P, Lin L, Liu J, Qiao Y, Yang H, Geng D, Li K.",International journal of molecular sciences,2026,27,11,4905,,,
wang2025_ferroptosis,40997129,10.1371/journal.pone.0332769,Multimodal analysis investigating the shared pathogenic mechanisms of osteoporosis and osteoarthritis with an initial exploration of the role of ferroptosis,"Wang C, Ran D, Li W, Yang C, Li W.",PloS one,2025,20,9,e0332769,,,
tian2026_cartilage_sqtl,41820402,10.1038/s41467-026-70419-x,Genetic alternative splicing regulation mapping of cartilage and synovium reveals tissue-specific mechanisms of joint-related traits,"Tian W, Hu SY, Dong SS, Wang C, Zhang JQ, Jiang F, Yang Z, Yang TL, Guo Y.",Nature communications,2026,17,1,3846,,,
byun2025_chondrocyte_sqtl,40858580,10.1038/s41467-025-63299-0,Response splicing quantitative trait loci in primary human chondrocytes identify putative osteoarthritis risk genes,"Byun S, Shine J, Coryell P, Kramer NE, D'Costa S, Thulson E, Parkus SM, Chubinskaya S, Loeser RF, Diekman BO, Phanstiel DH.",Nature communications,2025,16,1,7932,,,
peng2026_bone_cartilage_paradox,42218990,10.1016/j.joca.2026.05.013,Deciphering the RSPO3-NFATC1 switch in the bone-cartilage paradox: Genetic liability to osteoporosis protects against osteoarthritis by modulating subchondral bone compliance,"Peng L, Wei J, Yang H, Qin J, Li Q.",Osteoarthritis and cartilage,2026,,,S1063-4584(26)00921-0,,,
